# https://github.com/mikedh/trimesh
mtllib material.mtl
usemtl material_0
v 0.50000000 0.00000000 0.00000000
v 0.49711779 0.02926355 0.00000000
v 0.48858193 0.05740251 0.00000000
v 0.47472044 0.08333553 0.00000000
v 0.45606602 0.10606602 0.00000000
v 0.43333553 0.12472044 0.00000000
v 0.40740251 0.13858193 0.00000000
v 0.37926355 0.14711779 0.00000000
v 0.35000000 0.15000000 0.00000000
v 0.32073645 0.14711779 0.00000000
v 0.29259749 0.13858193 0.00000000
v 0.26666447 0.12472044 0.00000000
v 0.24393398 0.10606602 0.00000000
v 0.22527956 0.08333553 0.00000000
v 0.21141807 0.05740251 0.00000000
v 0.20288221 0.02926355 0.00000000
v 0.20000000 0.00000000 0.00000000
v 0.20288221 -0.02926355 -0.00000000
v 0.21141807 -0.05740251 -0.00000000
v 0.22527956 -0.08333553 -0.00000000
v 0.24393398 -0.10606602 -0.00000000
v 0.26666447 -0.12472044 -0.00000000
v 0.29259749 -0.13858193 -0.00000000
v 0.32073645 -0.14711779 -0.00000000
v 0.35000000 -0.15000000 -0.00000000
v 0.37926355 -0.14711779 -0.00000000
v 0.40740251 -0.13858193 -0.00000000
v 0.43333553 -0.12472044 -0.00000000
v 0.45606602 -0.10606602 -0.00000000
v 0.47472044 -0.08333553 -0.00000000
v 0.48858193 -0.05740251 -0.00000000
v 0.49711779 -0.02926355 -0.00000000
v 0.49039264 0.00000000 -0.09754516
v 0.48756581 0.02926355 -0.09698287
v 0.47919397 0.05740251 -0.09531761
v 0.46559882 0.08333553 -0.09261336
v 0.44730284 0.10606602 -0.08897407
v 0.42500911 0.12472044 -0.08453957
v 0.39957439 0.13858193 -0.07948029
v 0.37197611 0.14711779 -0.07399065
v 0.34327485 0.15000000 -0.06828161
v 0.31457359 0.14711779 -0.06257258
v 0.28697531 0.13858193 -0.05708294
v 0.26154058 0.12472044 -0.05202366
v 0.23924686 0.10606602 -0.04758916
v 0.22095087 0.08333553 -0.04394986
v 0.20735573 0.05740251 -0.04124562
v 0.19898388 0.02926355 -0.03958036
v 0.19615706 0.00000000 -0.03901806
v 0.19898388 -0.02926355 -0.03958036
v 0.20735573 -0.05740251 -0.04124562
v 0.22095087 -0.08333553 -0.04394986
v 0.23924686 -0.10606602 -0.04758916
v 0.26154058 -0.12472044 -0.05202366
v 0.28697531 -0.13858193 -0.05708294
v 0.31457359 -0.14711779 -0.06257258
v 0.34327485 -0.15000000 -0.06828161
v 0.37197611 -0.14711779 -0.07399065
v 0.39957439 -0.13858193 -0.07948029
v 0.42500911 -0.12472044 -0.08453957
v 0.44730284 -0.10606602 -0.08897407
v 0.46559882 -0.08333553 -0.09261336
v 0.47919397 -0.05740251 -0.09531761
v 0.48756581 -0.02926355 -0.09698287
v 0.46193977 0.00000000 -0.19134172
v 0.45927695 0.02926355 -0.19023874
v 0.45139084 0.05740251 -0.18697221
v 0.43858450 0.08333553 -0.18166765
v 0.42135006 0.10606602 -0.17452891
v 0.40034983 0.12472044 -0.16583033
v 0.37639084 0.13858193 -0.15590619
v 0.35039383 0.14711779 -0.14513788
v 0.32335784 0.15000000 -0.13393920
v 0.29632184 0.14711779 -0.12274053
v 0.27032483 0.13858193 -0.11197221
v 0.24636584 0.12472044 -0.10204807
v 0.22536561 0.10606602 -0.09334949
v 0.20813117 0.08333553 -0.08621075
v 0.19532483 0.05740251 -0.08090619
v 0.18743872 0.02926355 -0.07763966
v 0.18477591 0.00000000 -0.07653669
v 0.18743872 -0.02926355 -0.07763966
v 0.19532483 -0.05740251 -0.08090619
v 0.20813117 -0.08333553 -0.08621075
v 0.22536561 -0.10606602 -0.09334949
v 0.24636584 -0.12472044 -0.10204807
v 0.27032483 -0.13858193 -0.11197221
v 0.29632184 -0.14711779 -0.12274053
v 0.32335784 -0.15000000 -0.13393920
v 0.35039383 -0.14711779 -0.14513788
v 0.37639084 -0.13858193 -0.15590619
v 0.40034983 -0.12472044 -0.16583033
v 0.42135006 -0.10606602 -0.17452891
v 0.43858450 -0.08333553 -0.18166765
v 0.45139084 -0.05740251 -0.18697221
v 0.45927695 -0.02926355 -0.19023874
v 0.41573481 0.00000000 -0.27778512
v 0.41333834 0.02926355 -0.27618385
v 0.40624103 0.05740251 -0.27144158
v 0.39471562 0.08333553 -0.26374055
v 0.37920503 0.10606602 -0.25337670
v 0.36030533 0.12472044 -0.24074832
v 0.33874281 0.13858193 -0.22634071
v 0.31534612 0.14711779 -0.21070754
v 0.29101436 0.15000000 -0.19444958
v 0.26668261 0.14711779 -0.17819163
v 0.24328592 0.13858193 -0.16255845
v 0.22172340 0.12472044 -0.14815084
v 0.20282369 0.10606602 -0.13552246
v 0.18731311 0.08333553 -0.12515862
v 0.17578770 0.05740251 -0.11745759
v 0.16869039 0.02926355 -0.11271532
v 0.16629392 0.00000000 -0.11111405
v 0.16869039 -0.02926355 -0.11271532
v 0.17578770 -0.05740251 -0.11745759
v 0.18731311 -0.08333553 -0.12515862
v 0.20282369 -0.10606602 -0.13552246
v 0.22172340 -0.12472044 -0.14815084
v 0.24328592 -0.13858193 -0.16255845
v 0.26668261 -0.14711779 -0.17819163
v 0.29101436 -0.15000000 -0.19444958
v 0.31534612 -0.14711779 -0.21070754
v 0.33874281 -0.13858193 -0.22634071
v 0.36030533 -0.12472044 -0.24074832
v 0.37920503 -0.10606602 -0.25337670
v 0.39471562 -0.08333553 -0.26374055
v 0.40624103 -0.05740251 -0.27144158
v 0.41333834 -0.02926355 -0.27618385
v 0.35355339 0.00000000 -0.35355339
v 0.35151536 0.02926355 -0.35151536
v 0.34547960 0.05740251 -0.34547960
v 0.33567804 0.08333553 -0.33567804
v 0.32248737 0.10606602 -0.32248737
v 0.30641450 0.12472044 -0.30641450
v 0.28807708 0.13858193 -0.28807708
v 0.26817983 0.14711779 -0.26817983
v 0.24748737 0.15000000 -0.24748737
v 0.22679492 0.14711779 -0.22679492
v 0.20689767 0.13858193 -0.20689767
v 0.18856025 0.12472044 -0.18856025
v 0.17248737 0.10606602 -0.17248737
v 0.15929670 0.08333553 -0.15929670
v 0.14949515 0.05740251 -0.14949515
v 0.14345939 0.02926355 -0.14345939
v 0.14142136 0.00000000 -0.14142136
v 0.14345939 -0.02926355 -0.14345939
v 0.14949515 -0.05740251 -0.14949515
v 0.15929670 -0.08333553 -0.15929670
v 0.17248737 -0.10606602 -0.17248737
v 0.18856025 -0.12472044 -0.18856025
v 0.20689767 -0.13858193 -0.20689767
v 0.22679492 -0.14711779 -0.22679492
v 0.24748737 -0.15000000 -0.24748737
v 0.26817983 -0.14711779 -0.26817983
v 0.28807708 -0.13858193 -0.28807708
v 0.30641450 -0.12472044 -0.30641450
v 0.32248737 -0.10606602 -0.32248737
v 0.33567804 -0.08333553 -0.33567804
v 0.34547960 -0.05740251 -0.34547960
v 0.35151536 -0.02926355 -0.35151536
v 0.27778512 0.00000000 -0.41573481
v 0.27618385 0.02926355 -0.41333834
v 0.27144158 0.05740251 -0.40624103
v 0.26374055 0.08333553 -0.39471562
v 0.25337670 0.10606602 -0.37920503
v 0.24074832 0.12472044 -0.36030533
v 0.22634071 0.13858193 -0.33874281
v 0.21070754 0.14711779 -0.31534612
v 0.19444958 0.15000000 -0.29101436
v 0.17819163 0.14711779 -0.26668261
v 0.16255845 0.13858193 -0.24328592
v 0.14815084 0.12472044 -0.22172340
v 0.13552246 0.10606602 -0.20282369
v 0.12515862 0.08333553 -0.18731311
v 0.11745759 0.05740251 -0.17578770
v 0.11271532 0.02926355 -0.16869039
v 0.11111405 0.00000000 -0.16629392
v 0.11271532 -0.02926355 -0.16869039
v 0.11745759 -0.05740251 -0.17578770
v 0.12515862 -0.08333553 -0.18731311
v 0.13552246 -0.10606602 -0.20282369
v 0.14815084 -0.12472044 -0.22172340
v 0.16255845 -0.13858193 -0.24328592
v 0.17819163 -0.14711779 -0.26668261
v 0.19444958 -0.15000000 -0.29101436
v 0.21070754 -0.14711779 -0.31534612
v 0.22634071 -0.13858193 -0.33874281
v 0.24074832 -0.12472044 -0.36030533
v 0.25337670 -0.10606602 -0.37920503
v 0.26374055 -0.08333553 -0.39471562
v 0.27144158 -0.05740251 -0.40624103
v 0.27618385 -0.02926355 -0.41333834
v 0.19134172 0.00000000 -0.46193977
v 0.19023874 0.02926355 -0.45927695
v 0.18697221 0.05740251 -0.45139084
v 0.18166765 0.08333553 -0.43858450
v 0.17452891 0.10606602 -0.42135006
v 0.16583033 0.12472044 -0.40034983
v 0.15590619 0.13858193 -0.37639084
v 0.14513788 0.14711779 -0.35039383
v 0.13393920 0.15000000 -0.32335784
v 0.12274053 0.14711779 -0.29632184
v 0.11197221 0.13858193 -0.27032483
v 0.10204807 0.12472044 -0.24636584
v 0.09334949 0.10606602 -0.22536561
v 0.08621075 0.08333553 -0.20813117
v 0.08090619 0.05740251 -0.19532483
v 0.07763966 0.02926355 -0.18743872
v 0.07653669 0.00000000 -0.18477591
v 0.07763966 -0.02926355 -0.18743872
v 0.08090619 -0.05740251 -0.19532483
v 0.08621075 -0.08333553 -0.20813117
v 0.09334949 -0.10606602 -0.22536561
v 0.10204807 -0.12472044 -0.24636584
v 0.11197221 -0.13858193 -0.27032483
v 0.12274053 -0.14711779 -0.29632184
v 0.13393920 -0.15000000 -0.32335784
v 0.14513788 -0.14711779 -0.35039383
v 0.15590619 -0.13858193 -0.37639084
v 0.16583033 -0.12472044 -0.40034983
v 0.17452891 -0.10606602 -0.42135006
v 0.18166765 -0.08333553 -0.43858450
v 0.18697221 -0.05740251 -0.45139084
v 0.19023874 -0.02926355 -0.45927695
v 0.09754516 0.00000000 -0.49039264
v 0.09698287 0.02926355 -0.48756581
v 0.09531761 0.05740251 -0.47919397
v 0.09261336 0.08333553 -0.46559882
v 0.08897407 0.10606602 -0.44730284
v 0.08453957 0.12472044 -0.42500911
v 0.07948029 0.13858193 -0.39957439
v 0.07399065 0.14711779 -0.37197611
v 0.06828161 0.15000000 -0.34327485
v 0.06257258 0.14711779 -0.31457359
v 0.05708294 0.13858193 -0.28697531
v 0.05202366 0.12472044 -0.26154058
v 0.04758916 0.10606602 -0.23924686
v 0.04394986 0.08333553 -0.22095087
v 0.04124562 0.05740251 -0.20735573
v 0.03958036 0.02926355 -0.19898388
v 0.03901806 0.00000000 -0.19615706
v 0.03958036 -0.02926355 -0.19898388
v 0.04124562 -0.05740251 -0.20735573
v 0.04394986 -0.08333553 -0.22095087
v 0.04758916 -0.10606602 -0.23924686
v 0.05202366 -0.12472044 -0.26154058
v 0.05708294 -0.13858193 -0.28697531
v 0.06257258 -0.14711779 -0.31457359
v 0.06828161 -0.15000000 -0.34327485
v 0.07399065 -0.14711779 -0.37197611
v 0.07948029 -0.13858193 -0.39957439
v 0.08453957 -0.12472044 -0.42500911
v 0.08897407 -0.10606602 -0.44730284
v 0.09261336 -0.08333553 -0.46559882
v 0.09531761 -0.05740251 -0.47919397
v 0.09698287 -0.02926355 -0.48756581
v 0.00000000 0.00000000 -0.50000000
v 0.00000000 0.02926355 -0.49711779
v 0.00000000 0.05740251 -0.48858193
v 0.00000000 0.08333553 -0.47472044
v 0.00000000 0.10606602 -0.45606602
v 0.00000000 0.12472044 -0.43333553
v 0.00000000 0.13858193 -0.40740251
v 0.00000000 0.14711779 -0.37926355
v 0.00000000 0.15000000 -0.35000000
v 0.00000000 0.14711779 -0.32073645
v 0.00000000 0.13858193 -0.29259749
v 0.00000000 0.12472044 -0.26666447
v 0.00000000 0.10606602 -0.24393398
v 0.00000000 0.08333553 -0.22527956
v 0.00000000 0.05740251 -0.21141807
v 0.00000000 0.02926355 -0.20288221
v 0.00000000 0.00000000 -0.20000000
v 0.00000000 -0.02926355 -0.20288221
v 0.00000000 -0.05740251 -0.21141807
v 0.00000000 -0.08333553 -0.22527956
v 0.00000000 -0.10606602 -0.24393398
v 0.00000000 -0.12472044 -0.26666447
v 0.00000000 -0.13858193 -0.29259749
v 0.00000000 -0.14711779 -0.32073645
v 0.00000000 -0.15000000 -0.35000000
v 0.00000000 -0.14711779 -0.37926355
v 0.00000000 -0.13858193 -0.40740251
v 0.00000000 -0.12472044 -0.43333553
v 0.00000000 -0.10606602 -0.45606602
v 0.00000000 -0.08333553 -0.47472044
v 0.00000000 -0.05740251 -0.48858193
v 0.00000000 -0.02926355 -0.49711779
v -0.09754516 0.00000000 -0.49039264
v -0.09698287 0.02926355 -0.48756581
v -0.09531761 0.05740251 -0.47919397
v -0.09261336 0.08333553 -0.46559882
v -0.08897407 0.10606602 -0.44730284
v -0.08453957 0.12472044 -0.42500911
v -0.07948029 0.13858193 -0.39957439
v -0.07399065 0.14711779 -0.37197611
v -0.06828161 0.15000000 -0.34327485
v -0.06257258 0.14711779 -0.31457359
v -0.05708294 0.13858193 -0.28697531
v -0.05202366 0.12472044 -0.26154058
v -0.04758916 0.10606602 -0.23924686
v -0.04394986 0.08333553 -0.22095087
v -0.04124562 0.05740251 -0.20735573
v -0.03958036 0.02926355 -0.19898388
v -0.03901806 0.00000000 -0.19615706
v -0.03958036 -0.02926355 -0.19898388
v -0.04124562 -0.05740251 -0.20735573
v -0.04394986 -0.08333553 -0.22095087
v -0.04758916 -0.10606602 -0.23924686
v -0.05202366 -0.12472044 -0.26154058
v -0.05708294 -0.13858193 -0.28697531
v -0.06257258 -0.14711779 -0.31457359
v -0.06828161 -0.15000000 -0.34327485
v -0.07399065 -0.14711779 -0.37197611
v -0.07948029 -0.13858193 -0.39957439
v -0.08453957 -0.12472044 -0.42500911
v -0.08897407 -0.10606602 -0.44730284
v -0.09261336 -0.08333553 -0.46559882
v -0.09531761 -0.05740251 -0.47919397
v -0.09698287 -0.02926355 -0.48756581
v -0.19134172 0.00000000 -0.46193977
v -0.19023874 0.02926355 -0.45927695
v -0.18697221 0.05740251 -0.45139084
v -0.18166765 0.08333553 -0.43858450
v -0.17452891 0.10606602 -0.42135006
v -0.16583033 0.12472044 -0.40034983
v -0.15590619 0.13858193 -0.37639084
v -0.14513788 0.14711779 -0.35039383
v -0.13393920 0.15000000 -0.32335784
v -0.12274053 0.14711779 -0.29632184
v -0.11197221 0.13858193 -0.27032483
v -0.10204807 0.12472044 -0.24636584
v -0.09334949 0.10606602 -0.22536561
v -0.08621075 0.08333553 -0.20813117
v -0.08090619 0.05740251 -0.19532483
v -0.07763966 0.02926355 -0.18743872
v -0.07653669 0.00000000 -0.18477591
v -0.07763966 -0.02926355 -0.18743872
v -0.08090619 -0.05740251 -0.19532483
v -0.08621075 -0.08333553 -0.20813117
v -0.09334949 -0.10606602 -0.22536561
v -0.10204807 -0.12472044 -0.24636584
v -0.11197221 -0.13858193 -0.27032483
v -0.12274053 -0.14711779 -0.29632184
v -0.13393920 -0.15000000 -0.32335784
v -0.14513788 -0.14711779 -0.35039383
v -0.15590619 -0.13858193 -0.37639084
v -0.16583033 -0.12472044 -0.40034983
v -0.17452891 -0.10606602 -0.42135006
v -0.18166765 -0.08333553 -0.43858450
v -0.18697221 -0.05740251 -0.45139084
v -0.19023874 -0.02926355 -0.45927695
v -0.27778512 0.00000000 -0.41573481
v -0.27618385 0.02926355 -0.41333834
v -0.27144158 0.05740251 -0.40624103
v -0.26374055 0.08333553 -0.39471562
v -0.25337670 0.10606602 -0.37920503
v -0.24074832 0.12472044 -0.36030533
v -0.22634071 0.13858193 -0.33874281
v -0.21070754 0.14711779 -0.31534612
v -0.19444958 0.15000000 -0.29101436
v -0.17819163 0.14711779 -0.26668261
v -0.16255845 0.13858193 -0.24328592
v -0.14815084 0.12472044 -0.22172340
v -0.13552246 0.10606602 -0.20282369
v -0.12515862 0.08333553 -0.18731311
v -0.11745759 0.05740251 -0.17578770
v -0.11271532 0.02926355 -0.16869039
v -0.11111405 0.00000000 -0.16629392
v -0.11271532 -0.02926355 -0.16869039
v -0.11745759 -0.05740251 -0.17578770
v -0.12515862 -0.08333553 -0.18731311
v -0.13552246 -0.10606602 -0.20282369
v -0.14815084 -0.12472044 -0.22172340
v -0.16255845 -0.13858193 -0.24328592
v -0.17819163 -0.14711779 -0.26668261
v -0.19444958 -0.15000000 -0.29101436
v -0.21070754 -0.14711779 -0.31534612
v -0.22634071 -0.13858193 -0.33874281
v -0.24074832 -0.12472044 -0.36030533
v -0.25337670 -0.10606602 -0.37920503
v -0.26374055 -0.08333553 -0.39471562
v -0.27144158 -0.05740251 -0.40624103
v -0.27618385 -0.02926355 -0.41333834
v -0.35355339 0.00000000 -0.35355339
v -0.35151536 0.02926355 -0.35151536
v -0.34547960 0.05740251 -0.34547960
v -0.33567804 0.08333553 -0.33567804
v -0.32248737 0.10606602 -0.32248737
v -0.30641450 0.12472044 -0.30641450
v -0.28807708 0.13858193 -0.28807708
v -0.26817983 0.14711779 -0.26817983
v -0.24748737 0.15000000 -0.24748737
v -0.22679492 0.14711779 -0.22679492
v -0.20689767 0.13858193 -0.20689767
v -0.18856025 0.12472044 -0.18856025
v -0.17248737 0.10606602 -0.17248737
v -0.15929670 0.08333553 -0.15929670
v -0.14949515 0.05740251 -0.14949515
v -0.14345939 0.02926355 -0.14345939
v -0.14142136 0.00000000 -0.14142136
v -0.14345939 -0.02926355 -0.14345939
v -0.14949515 -0.05740251 -0.14949515
v -0.15929670 -0.08333553 -0.15929670
v -0.17248737 -0.10606602 -0.17248737
v -0.18856025 -0.12472044 -0.18856025
v -0.20689767 -0.13858193 -0.20689767
v -0.22679492 -0.14711779 -0.22679492
v -0.24748737 -0.15000000 -0.24748737
v -0.26817983 -0.14711779 -0.26817983
v -0.28807708 -0.13858193 -0.28807708
v -0.30641450 -0.12472044 -0.30641450
v -0.32248737 -0.10606602 -0.32248737
v -0.33567804 -0.08333553 -0.33567804
v -0.34547960 -0.05740251 -0.34547960
v -0.35151536 -0.02926355 -0.35151536
v -0.41573481 0.00000000 -0.27778512
v -0.41333834 0.02926355 -0.27618385
v -0.40624103 0.05740251 -0.27144158
v -0.39471562 0.08333553 -0.26374055
v -0.37920503 0.10606602 -0.25337670
v -0.36030533 0.12472044 -0.24074832
v -0.33874281 0.13858193 -0.22634071
v -0.31534612 0.14711779 -0.21070754
v -0.29101436 0.15000000 -0.19444958
v -0.26668261 0.14711779 -0.17819163
v -0.24328592 0.13858193 -0.16255845
v -0.22172340 0.12472044 -0.14815084
v -0.20282369 0.10606602 -0.13552246
v -0.18731311 0.08333553 -0.12515862
v -0.17578770 0.05740251 -0.11745759
v -0.16869039 0.02926355 -0.11271532
v -0.16629392 0.00000000 -0.11111405
v -0.16869039 -0.02926355 -0.11271532
v -0.17578770 -0.05740251 -0.11745759
v -0.18731311 -0.08333553 -0.12515862
v -0.20282369 -0.10606602 -0.13552246
v -0.22172340 -0.12472044 -0.14815084
v -0.24328592 -0.13858193 -0.16255845
v -0.26668261 -0.14711779 -0.17819163
v -0.29101436 -0.15000000 -0.19444958
v -0.31534612 -0.14711779 -0.21070754
v -0.33874281 -0.13858193 -0.22634071
v -0.36030533 -0.12472044 -0.24074832
v -0.37920503 -0.10606602 -0.25337670
v -0.39471562 -0.08333553 -0.26374055
v -0.40624103 -0.05740251 -0.27144158
v -0.41333834 -0.02926355 -0.27618385
v -0.46193977 0.00000000 -0.19134172
v -0.45927695 0.02926355 -0.19023874
v -0.45139084 0.05740251 -0.18697221
v -0.43858450 0.08333553 -0.18166765
v -0.42135006 0.10606602 -0.17452891
v -0.40034983 0.12472044 -0.16583033
v -0.37639084 0.13858193 -0.15590619
v -0.35039383 0.14711779 -0.14513788
v -0.32335784 0.15000000 -0.13393920
v -0.29632184 0.14711779 -0.12274053
v -0.27032483 0.13858193 -0.11197221
v -0.24636584 0.12472044 -0.10204807
v -0.22536561 0.10606602 -0.09334949
v -0.20813117 0.08333553 -0.08621075
v -0.19532483 0.05740251 -0.08090619
v -0.18743872 0.02926355 -0.07763966
v -0.18477591 0.00000000 -0.07653669
v -0.18743872 -0.02926355 -0.07763966
v -0.19532483 -0.05740251 -0.08090619
v -0.20813117 -0.08333553 -0.08621075
v -0.22536561 -0.10606602 -0.09334949
v -0.24636584 -0.12472044 -0.10204807
v -0.27032483 -0.13858193 -0.11197221
v -0.29632184 -0.14711779 -0.12274053
v -0.32335784 -0.15000000 -0.13393920
v -0.35039383 -0.14711779 -0.14513788
v -0.37639084 -0.13858193 -0.15590619
v -0.40034983 -0.12472044 -0.16583033
v -0.42135006 -0.10606602 -0.17452891
v -0.43858450 -0.08333553 -0.18166765
v -0.45139084 -0.05740251 -0.18697221
v -0.45927695 -0.02926355 -0.19023874
v -0.49039264 0.00000000 -0.09754516
v -0.48756581 0.02926355 -0.09698287
v -0.47919397 0.05740251 -0.09531761
v -0.46559882 0.08333553 -0.09261336
v -0.44730284 0.10606602 -0.08897407
v -0.42500911 0.12472044 -0.08453957
v -0.39957439 0.13858193 -0.07948029
v -0.37197611 0.14711779 -0.07399065
v -0.34327485 0.15000000 -0.06828161
v -0.31457359 0.14711779 -0.06257258
v -0.28697531 0.13858193 -0.05708294
v -0.26154058 0.12472044 -0.05202366
v -0.23924686 0.10606602 -0.04758916
v -0.22095087 0.08333553 -0.04394986
v -0.20735573 0.05740251 -0.04124562
v -0.19898388 0.02926355 -0.03958036
v -0.19615706 0.00000000 -0.03901806
v -0.19898388 -0.02926355 -0.03958036
v -0.20735573 -0.05740251 -0.04124562
v -0.22095087 -0.08333553 -0.04394986
v -0.23924686 -0.10606602 -0.04758916
v -0.26154058 -0.12472044 -0.05202366
v -0.28697531 -0.13858193 -0.05708294
v -0.31457359 -0.14711779 -0.06257258
v -0.34327485 -0.15000000 -0.06828161
v -0.37197611 -0.14711779 -0.07399065
v -0.39957439 -0.13858193 -0.07948029
v -0.42500911 -0.12472044 -0.08453957
v -0.44730284 -0.10606602 -0.08897407
v -0.46559882 -0.08333553 -0.09261336
v -0.47919397 -0.05740251 -0.09531761
v -0.48756581 -0.02926355 -0.09698287
v -0.50000000 0.00000000 -0.00000000
v -0.49711779 0.02926355 -0.00000000
v -0.48858193 0.05740251 -0.00000000
v -0.47472044 0.08333553 -0.00000000
v -0.45606602 0.10606602 -0.00000000
v -0.43333553 0.12472044 -0.00000000
v -0.40740251 0.13858193 -0.00000000
v -0.37926355 0.14711779 -0.00000000
v -0.35000000 0.15000000 -0.00000000
v -0.32073645 0.14711779 -0.00000000
v -0.29259749 0.13858193 -0.00000000
v -0.26666447 0.12472044 -0.00000000
v -0.24393398 0.10606602 -0.00000000
v -0.22527956 0.08333553 -0.00000000
v -0.21141807 0.05740251 -0.00000000
v -0.20288221 0.02926355 -0.00000000
v -0.20000000 0.00000000 -0.00000000
v -0.20288221 -0.02926355 -0.00000000
v -0.21141807 -0.05740251 -0.00000000
v -0.22527956 -0.08333553 -0.00000000
v -0.24393398 -0.10606602 -0.00000000
v -0.26666447 -0.12472044 -0.00000000
v -0.29259749 -0.13858193 -0.00000000
v -0.32073645 -0.14711779 -0.00000000
v -0.35000000 -0.15000000 -0.00000000
v -0.37926355 -0.14711779 -0.00000000
v -0.40740251 -0.13858193 -0.00000000
v -0.43333553 -0.12472044 -0.00000000
v -0.45606602 -0.10606602 -0.00000000
v -0.47472044 -0.08333553 -0.00000000
v -0.48858193 -0.05740251 -0.00000000
v -0.49711779 -0.02926355 -0.00000000
v -0.49039264 -0.00000000 0.09754516
v -0.48756581 0.02926355 0.09698287
v -0.47919397 0.05740251 0.09531761
v -0.46559882 0.08333553 0.09261336
v -0.44730284 0.10606602 0.08897407
v -0.42500911 0.12472044 0.08453957
v -0.39957439 0.13858193 0.07948029
v -0.37197611 0.14711779 0.07399065
v -0.34327485 0.15000000 0.06828161
v -0.31457359 0.14711779 0.06257258
v -0.28697531 0.13858193 0.05708294
v -0.26154058 0.12472044 0.05202366
v -0.23924686 0.10606602 0.04758916
v -0.22095087 0.08333553 0.04394986
v -0.20735573 0.05740251 0.04124562
v -0.19898388 0.02926355 0.03958036
v -0.19615706 0.00000000 0.03901806
v -0.19898388 -0.02926355 0.03958036
v -0.20735573 -0.05740251 0.04124562
v -0.22095087 -0.08333553 0.04394986
v -0.23924686 -0.10606602 0.04758916
v -0.26154058 -0.12472044 0.05202366
v -0.28697531 -0.13858193 0.05708294
v -0.31457359 -0.14711779 0.06257258
v -0.34327485 -0.15000000 0.06828161
v -0.37197611 -0.14711779 0.07399065
v -0.39957439 -0.13858193 0.07948029
v -0.42500911 -0.12472044 0.08453957
v -0.44730284 -0.10606602 0.08897407
v -0.46559882 -0.08333553 0.09261336
v -0.47919397 -0.05740251 0.09531761
v -0.48756581 -0.02926355 0.09698287
v -0.46193977 -0.00000000 0.19134172
v -0.45927695 0.02926355 0.19023874
v -0.45139084 0.05740251 0.18697221
v -0.43858450 0.08333553 0.18166765
v -0.42135006 0.10606602 0.17452891
v -0.40034983 0.12472044 0.16583033
v -0.37639084 0.13858193 0.15590619
v -0.35039383 0.14711779 0.14513788
v -0.32335784 0.15000000 0.13393920
v -0.29632184 0.14711779 0.12274053
v -0.27032483 0.13858193 0.11197221
v -0.24636584 0.12472044 0.10204807
v -0.22536561 0.10606602 0.09334949
v -0.20813117 0.08333553 0.08621075
v -0.19532483 0.05740251 0.08090619
v -0.18743872 0.02926355 0.07763966
v -0.18477591 0.00000000 0.07653669
v -0.18743872 -0.02926355 0.07763966
v -0.19532483 -0.05740251 0.08090619
v -0.20813117 -0.08333553 0.08621075
v -0.22536561 -0.10606602 0.09334949
v -0.24636584 -0.12472044 0.10204807
v -0.27032483 -0.13858193 0.11197221
v -0.29632184 -0.14711779 0.12274053
v -0.32335784 -0.15000000 0.13393920
v -0.35039383 -0.14711779 0.14513788
v -0.37639084 -0.13858193 0.15590619
v -0.40034983 -0.12472044 0.16583033
v -0.42135006 -0.10606602 0.17452891
v -0.43858450 -0.08333553 0.18166765
v -0.45139084 -0.05740251 0.18697221
v -0.45927695 -0.02926355 0.19023874
v -0.41573481 -0.00000000 0.27778512
v -0.41333834 0.02926355 0.27618385
v -0.40624103 0.05740251 0.27144158
v -0.39471562 0.08333553 0.26374055
v -0.37920503 0.10606602 0.25337670
v -0.36030533 0.12472044 0.24074832
v -0.33874281 0.13858193 0.22634071
v -0.31534612 0.14711779 0.21070754
v -0.29101436 0.15000000 0.19444958
v -0.26668261 0.14711779 0.17819163
v -0.24328592 0.13858193 0.16255845
v -0.22172340 0.12472044 0.14815084
v -0.20282369 0.10606602 0.13552246
v -0.18731311 0.08333553 0.12515862
v -0.17578770 0.05740251 0.11745759
v -0.16869039 0.02926355 0.11271532
v -0.16629392 0.00000000 0.11111405
v -0.16869039 -0.02926355 0.11271532
v -0.17578770 -0.05740251 0.11745759
v -0.18731311 -0.08333553 0.12515862
v -0.20282369 -0.10606602 0.13552246
v -0.22172340 -0.12472044 0.14815084
v -0.24328592 -0.13858193 0.16255845
v -0.26668261 -0.14711779 0.17819163
v -0.29101436 -0.15000000 0.19444958
v -0.31534612 -0.14711779 0.21070754
v -0.33874281 -0.13858193 0.22634071
v -0.36030533 -0.12472044 0.24074832
v -0.37920503 -0.10606602 0.25337670
v -0.39471562 -0.08333553 0.26374055
v -0.40624103 -0.05740251 0.27144158
v -0.41333834 -0.02926355 0.27618385
v -0.35355339 -0.00000000 0.35355339
v -0.35151536 0.02926355 0.35151536
v -0.34547960 0.05740251 0.34547960
v -0.33567804 0.08333553 0.33567804
v -0.32248737 0.10606602 0.32248737
v -0.30641450 0.12472044 0.30641450
v -0.28807708 0.13858193 0.28807708
v -0.26817983 0.14711779 0.26817983
v -0.24748737 0.15000000 0.24748737
v -0.22679492 0.14711779 0.22679492
v -0.20689767 0.13858193 0.20689767
v -0.18856025 0.12472044 0.18856025
v -0.17248737 0.10606602 0.17248737
v -0.15929670 0.08333553 0.15929670
v -0.14949515 0.05740251 0.14949515
v -0.14345939 0.02926355 0.14345939
v -0.14142136 0.00000000 0.14142136
v -0.14345939 -0.02926355 0.14345939
v -0.14949515 -0.05740251 0.14949515
v -0.15929670 -0.08333553 0.15929670
v -0.17248737 -0.10606602 0.17248737
v -0.18856025 -0.12472044 0.18856025
v -0.20689767 -0.13858193 0.20689767
v -0.22679492 -0.14711779 0.22679492
v -0.24748737 -0.15000000 0.24748737
v -0.26817983 -0.14711779 0.26817983
v -0.28807708 -0.13858193 0.28807708
v -0.30641450 -0.12472044 0.30641450
v -0.32248737 -0.10606602 0.32248737
v -0.33567804 -0.08333553 0.33567804
v -0.34547960 -0.05740251 0.34547960
v -0.35151536 -0.02926355 0.35151536
v -0.27778512 -0.00000000 0.41573481
v -0.27618385 0.02926355 0.41333834
v -0.27144158 0.05740251 0.40624103
v -0.26374055 0.08333553 0.39471562
v -0.25337670 0.10606602 0.37920503
v -0.24074832 0.12472044 0.36030533
v -0.22634071 0.13858193 0.33874281
v -0.21070754 0.14711779 0.31534612
v -0.19444958 0.15000000 0.29101436
v -0.17819163 0.14711779 0.26668261
v -0.16255845 0.13858193 0.24328592
v -0.14815084 0.12472044 0.22172340
v -0.13552246 0.10606602 0.20282369
v -0.12515862 0.08333553 0.18731311
v -0.11745759 0.05740251 0.17578770
v -0.11271532 0.02926355 0.16869039
v -0.11111405 0.00000000 0.16629392
v -0.11271532 -0.02926355 0.16869039
v -0.11745759 -0.05740251 0.17578770
v -0.12515862 -0.08333553 0.18731311
v -0.13552246 -0.10606602 0.20282369
v -0.14815084 -0.12472044 0.22172340
v -0.16255845 -0.13858193 0.24328592
v -0.17819163 -0.14711779 0.26668261
v -0.19444958 -0.15000000 0.29101436
v -0.21070754 -0.14711779 0.31534612
v -0.22634071 -0.13858193 0.33874281
v -0.24074832 -0.12472044 0.36030533
v -0.25337670 -0.10606602 0.37920503
v -0.26374055 -0.08333553 0.39471562
v -0.27144158 -0.05740251 0.40624103
v -0.27618385 -0.02926355 0.41333834
v -0.19134172 -0.00000000 0.46193977
v -0.19023874 0.02926355 0.45927695
v -0.18697221 0.05740251 0.45139084
v -0.18166765 0.08333553 0.43858450
v -0.17452891 0.10606602 0.42135006
v -0.16583033 0.12472044 0.40034983
v -0.15590619 0.13858193 0.37639084
v -0.14513788 0.14711779 0.35039383
v -0.13393920 0.15000000 0.32335784
v -0.12274053 0.14711779 0.29632184
v -0.11197221 0.13858193 0.27032483
v -0.10204807 0.12472044 0.24636584
v -0.09334949 0.10606602 0.22536561
v -0.08621075 0.08333553 0.20813117
v -0.08090619 0.05740251 0.19532483
v -0.07763966 0.02926355 0.18743872
v -0.07653669 0.00000000 0.18477591
v -0.07763966 -0.02926355 0.18743872
v -0.08090619 -0.05740251 0.19532483
v -0.08621075 -0.08333553 0.20813117
v -0.09334949 -0.10606602 0.22536561
v -0.10204807 -0.12472044 0.24636584
v -0.11197221 -0.13858193 0.27032483
v -0.12274053 -0.14711779 0.29632184
v -0.13393920 -0.15000000 0.32335784
v -0.14513788 -0.14711779 0.35039383
v -0.15590619 -0.13858193 0.37639084
v -0.16583033 -0.12472044 0.40034983
v -0.17452891 -0.10606602 0.42135006
v -0.18166765 -0.08333553 0.43858450
v -0.18697221 -0.05740251 0.45139084
v -0.19023874 -0.02926355 0.45927695
v -0.09754516 -0.00000000 0.49039264
v -0.09698287 0.02926355 0.48756581
v -0.09531761 0.05740251 0.47919397
v -0.09261336 0.08333553 0.46559882
v -0.08897407 0.10606602 0.44730284
v -0.08453957 0.12472044 0.42500911
v -0.07948029 0.13858193 0.39957439
v -0.07399065 0.14711779 0.37197611
v -0.06828161 0.15000000 0.34327485
v -0.06257258 0.14711779 0.31457359
v -0.05708294 0.13858193 0.28697531
v -0.05202366 0.12472044 0.26154058
v -0.04758916 0.10606602 0.23924686
v -0.04394986 0.08333553 0.22095087
v -0.04124562 0.05740251 0.20735573
v -0.03958036 0.02926355 0.19898388
v -0.03901806 0.00000000 0.19615706
v -0.03958036 -0.02926355 0.19898388
v -0.04124562 -0.05740251 0.20735573
v -0.04394986 -0.08333553 0.22095087
v -0.04758916 -0.10606602 0.23924686
v -0.05202366 -0.12472044 0.26154058
v -0.05708294 -0.13858193 0.28697531
v -0.06257258 -0.14711779 0.31457359
v -0.06828161 -0.15000000 0.34327485
v -0.07399065 -0.14711779 0.37197611
v -0.07948029 -0.13858193 0.39957439
v -0.08453957 -0.12472044 0.42500911
v -0.08897407 -0.10606602 0.44730284
v -0.09261336 -0.08333553 0.46559882
v -0.09531761 -0.05740251 0.47919397
v -0.09698287 -0.02926355 0.48756581
v -0.00000000 -0.00000000 0.50000000
v -0.00000000 0.02926355 0.49711779
v -0.00000000 0.05740251 0.48858193
v -0.00000000 0.08333553 0.47472044
v -0.00000000 0.10606602 0.45606602
v -0.00000000 0.12472044 0.43333553
v -0.00000000 0.13858193 0.40740251
v -0.00000000 0.14711779 0.37926355
v -0.00000000 0.15000000 0.35000000
v -0.00000000 0.14711779 0.32073645
v -0.00000000 0.13858193 0.29259749
v -0.00000000 0.12472044 0.26666447
v -0.00000000 0.10606602 0.24393398
v -0.00000000 0.08333553 0.22527956
v -0.00000000 0.05740251 0.21141807
v -0.00000000 0.02926355 0.20288221
v -0.00000000 0.00000000 0.20000000
v -0.00000000 -0.02926355 0.20288221
v -0.00000000 -0.05740251 0.21141807
v -0.00000000 -0.08333553 0.22527956
v -0.00000000 -0.10606602 0.24393398
v -0.00000000 -0.12472044 0.26666447
v -0.00000000 -0.13858193 0.29259749
v -0.00000000 -0.14711779 0.32073645
v -0.00000000 -0.15000000 0.35000000
v -0.00000000 -0.14711779 0.37926355
v -0.00000000 -0.13858193 0.40740251
v -0.00000000 -0.12472044 0.43333553
v -0.00000000 -0.10606602 0.45606602
v -0.00000000 -0.08333553 0.47472044
v -0.00000000 -0.05740251 0.48858193
v -0.00000000 -0.02926355 0.49711779
v 0.09754516 -0.00000000 0.49039264
v 0.09698287 0.02926355 0.48756581
v 0.09531761 0.05740251 0.47919397
v 0.09261336 0.08333553 0.46559882
v 0.08897407 0.10606602 0.44730284
v 0.08453957 0.12472044 0.42500911
v 0.07948029 0.13858193 0.39957439
v 0.07399065 0.14711779 0.37197611
v 0.06828161 0.15000000 0.34327485
v 0.06257258 0.14711779 0.31457359
v 0.05708294 0.13858193 0.28697531
v 0.05202366 0.12472044 0.26154058
v 0.04758916 0.10606602 0.23924686
v 0.04394986 0.08333553 0.22095087
v 0.04124562 0.05740251 0.20735573
v 0.03958036 0.02926355 0.19898388
v 0.03901806 0.00000000 0.19615706
v 0.03958036 -0.02926355 0.19898388
v 0.04124562 -0.05740251 0.20735573
v 0.04394986 -0.08333553 0.22095087
v 0.04758916 -0.10606602 0.23924686
v 0.05202366 -0.12472044 0.26154058
v 0.05708294 -0.13858193 0.28697531
v 0.06257258 -0.14711779 0.31457359
v 0.06828161 -0.15000000 0.34327485
v 0.07399065 -0.14711779 0.37197611
v 0.07948029 -0.13858193 0.39957439
v 0.08453957 -0.12472044 0.42500911
v 0.08897407 -0.10606602 0.44730284
v 0.09261336 -0.08333553 0.46559882
v 0.09531761 -0.05740251 0.47919397
v 0.09698287 -0.02926355 0.48756581
v 0.19134172 -0.00000000 0.46193977
v 0.19023874 0.02926355 0.45927695
v 0.18697221 0.05740251 0.45139084
v 0.18166765 0.08333553 0.43858450
v 0.17452891 0.10606602 0.42135006
v 0.16583033 0.12472044 0.40034983
v 0.15590619 0.13858193 0.37639084
v 0.14513788 0.14711779 0.35039383
v 0.13393920 0.15000000 0.32335784
v 0.12274053 0.14711779 0.29632184
v 0.11197221 0.13858193 0.27032483
v 0.10204807 0.12472044 0.24636584
v 0.09334949 0.10606602 0.22536561
v 0.08621075 0.08333553 0.20813117
v 0.08090619 0.05740251 0.19532483
v 0.07763966 0.02926355 0.18743872
v 0.07653669 0.00000000 0.18477591
v 0.07763966 -0.02926355 0.18743872
v 0.08090619 -0.05740251 0.19532483
v 0.08621075 -0.08333553 0.20813117
v 0.09334949 -0.10606602 0.22536561
v 0.10204807 -0.12472044 0.24636584
v 0.11197221 -0.13858193 0.27032483
v 0.12274053 -0.14711779 0.29632184
v 0.13393920 -0.15000000 0.32335784
v 0.14513788 -0.14711779 0.35039383
v 0.15590619 -0.13858193 0.37639084
v 0.16583033 -0.12472044 0.40034983
v 0.17452891 -0.10606602 0.42135006
v 0.18166765 -0.08333553 0.43858450
v 0.18697221 -0.05740251 0.45139084
v 0.19023874 -0.02926355 0.45927695
v 0.27778512 -0.00000000 0.41573481
v 0.27618385 0.02926355 0.41333834
v 0.27144158 0.05740251 0.40624103
v 0.26374055 0.08333553 0.39471562
v 0.25337670 0.10606602 0.37920503
v 0.24074832 0.12472044 0.36030533
v 0.22634071 0.13858193 0.33874281
v 0.21070754 0.14711779 0.31534612
v 0.19444958 0.15000000 0.29101436
v 0.17819163 0.14711779 0.26668261
v 0.16255845 0.13858193 0.24328592
v 0.14815084 0.12472044 0.22172340
v 0.13552246 0.10606602 0.20282369
v 0.12515862 0.08333553 0.18731311
v 0.11745759 0.05740251 0.17578770
v 0.11271532 0.02926355 0.16869039
v 0.11111405 0.00000000 0.16629392
v 0.11271532 -0.02926355 0.16869039
v 0.11745759 -0.05740251 0.17578770
v 0.12515862 -0.08333553 0.18731311
v 0.13552246 -0.10606602 0.20282369
v 0.14815084 -0.12472044 0.22172340
v 0.16255845 -0.13858193 0.24328592
v 0.17819163 -0.14711779 0.26668261
v 0.19444958 -0.15000000 0.29101436
v 0.21070754 -0.14711779 0.31534612
v 0.22634071 -0.13858193 0.33874281
v 0.24074832 -0.12472044 0.36030533
v 0.25337670 -0.10606602 0.37920503
v 0.26374055 -0.08333553 0.39471562
v 0.27144158 -0.05740251 0.40624103
v 0.27618385 -0.02926355 0.41333834
v 0.35355339 -0.00000000 0.35355339
v 0.35151536 0.02926355 0.35151536
v 0.34547960 0.05740251 0.34547960
v 0.33567804 0.08333553 0.33567804
v 0.32248737 0.10606602 0.32248737
v 0.30641450 0.12472044 0.30641450
v 0.28807708 0.13858193 0.28807708
v 0.26817983 0.14711779 0.26817983
v 0.24748737 0.15000000 0.24748737
v 0.22679492 0.14711779 0.22679492
v 0.20689767 0.13858193 0.20689767
v 0.18856025 0.12472044 0.18856025
v 0.17248737 0.10606602 0.17248737
v 0.15929670 0.08333553 0.15929670
v 0.14949515 0.05740251 0.14949515
v 0.14345939 0.02926355 0.14345939
v 0.14142136 0.00000000 0.14142136
v 0.14345939 -0.02926355 0.14345939
v 0.14949515 -0.05740251 0.14949515
v 0.15929670 -0.08333553 0.15929670
v 0.17248737 -0.10606602 0.17248737
v 0.18856025 -0.12472044 0.18856025
v 0.20689767 -0.13858193 0.20689767
v 0.22679492 -0.14711779 0.22679492
v 0.24748737 -0.15000000 0.24748737
v 0.26817983 -0.14711779 0.26817983
v 0.28807708 -0.13858193 0.28807708
v 0.30641450 -0.12472044 0.30641450
v 0.32248737 -0.10606602 0.32248737
v 0.33567804 -0.08333553 0.33567804
v 0.34547960 -0.05740251 0.34547960
v 0.35151536 -0.02926355 0.35151536
v 0.41573481 -0.00000000 0.27778512
v 0.41333834 0.02926355 0.27618385
v 0.40624103 0.05740251 0.27144158
v 0.39471562 0.08333553 0.26374055
v 0.37920503 0.10606602 0.25337670
v 0.36030533 0.12472044 0.24074832
v 0.33874281 0.13858193 0.22634071
v 0.31534612 0.14711779 0.21070754
v 0.29101436 0.15000000 0.19444958
v 0.26668261 0.14711779 0.17819163
v 0.24328592 0.13858193 0.16255845
v 0.22172340 0.12472044 0.14815084
v 0.20282369 0.10606602 0.13552246
v 0.18731311 0.08333553 0.12515862
v 0.17578770 0.05740251 0.11745759
v 0.16869039 0.02926355 0.11271532
v 0.16629392 0.00000000 0.11111405
v 0.16869039 -0.02926355 0.11271532
v 0.17578770 -0.05740251 0.11745759
v 0.18731311 -0.08333553 0.12515862
v 0.20282369 -0.10606602 0.13552246
v 0.22172340 -0.12472044 0.14815084
v 0.24328592 -0.13858193 0.16255845
v 0.26668261 -0.14711779 0.17819163
v 0.29101436 -0.15000000 0.19444958
v 0.31534612 -0.14711779 0.21070754
v 0.33874281 -0.13858193 0.22634071
v 0.36030533 -0.12472044 0.24074832
v 0.37920503 -0.10606602 0.25337670
v 0.39471562 -0.08333553 0.26374055
v 0.40624103 -0.05740251 0.27144158
v 0.41333834 -0.02926355 0.27618385
v 0.46193977 -0.00000000 0.19134172
v 0.45927695 0.02926355 0.19023874
v 0.45139084 0.05740251 0.18697221
v 0.43858450 0.08333553 0.18166765
v 0.42135006 0.10606602 0.17452891
v 0.40034983 0.12472044 0.16583033
v 0.37639084 0.13858193 0.15590619
v 0.35039383 0.14711779 0.14513788
v 0.32335784 0.15000000 0.13393920
v 0.29632184 0.14711779 0.12274053
v 0.27032483 0.13858193 0.11197221
v 0.24636584 0.12472044 0.10204807
v 0.22536561 0.10606602 0.09334949
v 0.20813117 0.08333553 0.08621075
v 0.19532483 0.05740251 0.08090619
v 0.18743872 0.02926355 0.07763966
v 0.18477591 0.00000000 0.07653669
v 0.18743872 -0.02926355 0.07763966
v 0.19532483 -0.05740251 0.08090619
v 0.20813117 -0.08333553 0.08621075
v 0.22536561 -0.10606602 0.09334949
v 0.24636584 -0.12472044 0.10204807
v 0.27032483 -0.13858193 0.11197221
v 0.29632184 -0.14711779 0.12274053
v 0.32335784 -0.15000000 0.13393920
v 0.35039383 -0.14711779 0.14513788
v 0.37639084 -0.13858193 0.15590619
v 0.40034983 -0.12472044 0.16583033
v 0.42135006 -0.10606602 0.17452891
v 0.43858450 -0.08333553 0.18166765
v 0.45139084 -0.05740251 0.18697221
v 0.45927695 -0.02926355 0.19023874
v 0.49039264 -0.00000000 0.09754516
v 0.48756581 0.02926355 0.09698287
v 0.47919397 0.05740251 0.09531761
v 0.46559882 0.08333553 0.09261336
v 0.44730284 0.10606602 0.08897407
v 0.42500911 0.12472044 0.08453957
v 0.39957439 0.13858193 0.07948029
v 0.37197611 0.14711779 0.07399065
v 0.34327485 0.15000000 0.06828161
v 0.31457359 0.14711779 0.06257258
v 0.28697531 0.13858193 0.05708294
v 0.26154058 0.12472044 0.05202366
v 0.23924686 0.10606602 0.04758916
v 0.22095087 0.08333553 0.04394986
v 0.20735573 0.05740251 0.04124562
v 0.19898388 0.02926355 0.03958036
v 0.19615706 0.00000000 0.03901806
v 0.19898388 -0.02926355 0.03958036
v 0.20735573 -0.05740251 0.04124562
v 0.22095087 -0.08333553 0.04394986
v 0.23924686 -0.10606602 0.04758916
v 0.26154058 -0.12472044 0.05202366
v 0.28697531 -0.13858193 0.05708294
v 0.31457359 -0.14711779 0.06257258
v 0.34327485 -0.15000000 0.06828161
v 0.37197611 -0.14711779 0.07399065
v 0.39957439 -0.13858193 0.07948029
v 0.42500911 -0.12472044 0.08453957
v 0.44730284 -0.10606602 0.08897407
v 0.46559882 -0.08333553 0.09261336
v 0.47919397 -0.05740251 0.09531761
v 0.48756581 -0.02926355 0.09698287
vt 1.00000000 0.50000000
vt 0.99711779 0.50000000
vt 0.98858193 0.50000000
vt 0.97472044 0.50000000
vt 0.95606602 0.50000000
vt 0.93333553 0.50000000
vt 0.90740251 0.50000000
vt 0.87926355 0.50000000
vt 0.85000000 0.50000000
vt 0.82073645 0.50000000
vt 0.79259749 0.50000000
vt 0.76666447 0.50000000
vt 0.74393398 0.50000000
vt 0.72527956 0.50000000
vt 0.71141807 0.50000000
vt 0.70288221 0.50000000
vt 0.70000000 0.50000000
vt 0.70288221 0.50000000
vt 0.71141807 0.50000000
vt 0.72527956 0.50000000
vt 0.74393398 0.50000000
vt 0.76666447 0.50000000
vt 0.79259749 0.50000000
vt 0.82073645 0.50000000
vt 0.85000000 0.50000000
vt 0.87926355 0.50000000
vt 0.90740251 0.50000000
vt 0.93333553 0.50000000
vt 0.95606602 0.50000000
vt 0.97472044 0.50000000
vt 0.98858193 0.50000000
vt 0.99711779 0.50000000
vt 0.99039264 0.40245484
vt 0.98756581 0.40301713
vt 0.97919397 0.40468239
vt 0.96559882 0.40738664
vt 0.94730284 0.41102593
vt 0.92500911 0.41546043
vt 0.89957439 0.42051971
vt 0.87197611 0.42600935
vt 0.84327485 0.43171839
vt 0.81457359 0.43742742
vt 0.78697531 0.44291706
vt 0.76154058 0.44797634
vt 0.73924686 0.45241084
vt 0.72095087 0.45605014
vt 0.70735573 0.45875438
vt 0.69898388 0.46041964
vt 0.69615706 0.46098194
vt 0.69898388 0.46041964
vt 0.70735573 0.45875438
vt 0.72095087 0.45605014
vt 0.73924686 0.45241084
vt 0.76154058 0.44797634
vt 0.78697531 0.44291706
vt 0.81457359 0.43742742
vt 0.84327485 0.43171839
vt 0.87197611 0.42600935
vt 0.89957439 0.42051971
vt 0.92500911 0.41546043
vt 0.94730284 0.41102593
vt 0.96559882 0.40738664
vt 0.97919397 0.40468239
vt 0.98756581 0.40301713
vt 0.96193977 0.30865828
vt 0.95927695 0.30976126
vt 0.95139084 0.31302779
vt 0.93858450 0.31833235
vt 0.92135006 0.32547109
vt 0.90034983 0.33416967
vt 0.87639084 0.34409381
vt 0.85039383 0.35486212
vt 0.82335784 0.36606080
vt 0.79632184 0.37725947
vt 0.77032483 0.38802779
vt 0.74636584 0.39795193
vt 0.72536561 0.40665051
vt 0.70813117 0.41378925
vt 0.69532483 0.41909381
vt 0.68743872 0.42236034
vt 0.68477591 0.42346331
vt 0.68743872 0.42236034
vt 0.69532483 0.41909381
vt 0.70813117 0.41378925
vt 0.72536561 0.40665051
vt 0.74636584 0.39795193
vt 0.77032483 0.38802779
vt 0.79632184 0.37725947
vt 0.82335784 0.36606080
vt 0.85039383 0.35486212
vt 0.87639084 0.34409381
vt 0.90034983 0.33416967
vt 0.92135006 0.32547109
vt 0.93858450 0.31833235
vt 0.95139084 0.31302779
vt 0.95927695 0.30976126
vt 0.91573481 0.22221488
vt 0.91333834 0.22381615
vt 0.90624103 0.22855842
vt 0.89471562 0.23625945
vt 0.87920503 0.24662330
vt 0.86030533 0.25925168
vt 0.83874281 0.27365929
vt 0.81534612 0.28929246
vt 0.79101436 0.30555042
vt 0.76668261 0.32180837
vt 0.74328592 0.33744155
vt 0.72172340 0.35184916
vt 0.70282369 0.36447754
vt 0.68731311 0.37484138
vt 0.67578770 0.38254241
vt 0.66869039 0.38728468
vt 0.66629392 0.38888595
vt 0.66869039 0.38728468
vt 0.67578770 0.38254241
vt 0.68731311 0.37484138
vt 0.70282369 0.36447754
vt 0.72172340 0.35184916
vt 0.74328592 0.33744155
vt 0.76668261 0.32180837
vt 0.79101436 0.30555042
vt 0.81534612 0.28929246
vt 0.83874281 0.27365929
vt 0.86030533 0.25925168
vt 0.87920503 0.24662330
vt 0.89471562 0.23625945
vt 0.90624103 0.22855842
vt 0.91333834 0.22381615
vt 0.85355339 0.14644661
vt 0.85151536 0.14848464
vt 0.84547960 0.15452040
vt 0.83567804 0.16432196
vt 0.82248737 0.17751263
vt 0.80641450 0.19358550
vt 0.78807708 0.21192292
vt 0.76817983 0.23182017
vt 0.74748737 0.25251263
vt 0.72679492 0.27320508
vt 0.70689767 0.29310233
vt 0.68856025 0.31143975
vt 0.67248737 0.32751263
vt 0.65929670 0.34070330
vt 0.64949515 0.35050485
vt 0.64345939 0.35654061
vt 0.64142136 0.35857864
vt 0.64345939 0.35654061
vt 0.64949515 0.35050485
vt 0.65929670 0.34070330
vt 0.67248737 0.32751263
vt 0.68856025 0.31143975
vt 0.70689767 0.29310233
vt 0.72679492 0.27320508
vt 0.74748737 0.25251263
vt 0.76817983 0.23182017
vt 0.78807708 0.21192292
vt 0.80641450 0.19358550
vt 0.82248737 0.17751263
vt 0.83567804 0.16432196
vt 0.84547960 0.15452040
vt 0.85151536 0.14848464
vt 0.77778512 0.08426519
vt 0.77618385 0.08666166
vt 0.77144158 0.09375897
vt 0.76374055 0.10528438
vt 0.75337670 0.12079497
vt 0.74074832 0.13969467
vt 0.72634071 0.16125719
vt 0.71070754 0.18465388
vt 0.69444958 0.20898564
vt 0.67819163 0.23331739
vt 0.66255845 0.25671408
vt 0.64815084 0.27827660
vt 0.63552246 0.29717631
vt 0.62515862 0.31268689
vt 0.61745759 0.32421230
vt 0.61271532 0.33130961
vt 0.61111405 0.33370608
vt 0.61271532 0.33130961
vt 0.61745759 0.32421230
vt 0.62515862 0.31268689
vt 0.63552246 0.29717631
vt 0.64815084 0.27827660
vt 0.66255845 0.25671408
vt 0.67819163 0.23331739
vt 0.69444958 0.20898564
vt 0.71070754 0.18465388
vt 0.72634071 0.16125719
vt 0.74074832 0.13969467
vt 0.75337670 0.12079497
vt 0.76374055 0.10528438
vt 0.77144158 0.09375897
vt 0.77618385 0.08666166
vt 0.69134172 0.03806023
vt 0.69023874 0.04072305
vt 0.68697221 0.04860916
vt 0.68166765 0.06141550
vt 0.67452891 0.07864994
vt 0.66583033 0.09965017
vt 0.65590619 0.12360916
vt 0.64513788 0.14960617
vt 0.63393920 0.17664216
vt 0.62274053 0.20367816
vt 0.61197221 0.22967517
vt 0.60204807 0.25363416
vt 0.59334949 0.27463439
vt 0.58621075 0.29186883
vt 0.58090619 0.30467517
vt 0.57763966 0.31256128
vt 0.57653669 0.31522409
vt 0.57763966 0.31256128
vt 0.58090619 0.30467517
vt 0.58621075 0.29186883
vt 0.59334949 0.27463439
vt 0.60204807 0.25363416
vt 0.61197221 0.22967517
vt 0.62274053 0.20367816
vt 0.63393920 0.17664216
vt 0.64513788 0.14960617
vt 0.65590619 0.12360916
vt 0.66583033 0.09965017
vt 0.67452891 0.07864994
vt 0.68166765 0.06141550
vt 0.68697221 0.04860916
vt 0.69023874 0.04072305
vt 0.59754516 0.00960736
vt 0.59698287 0.01243419
vt 0.59531761 0.02080603
vt 0.59261336 0.03440118
vt 0.58897407 0.05269716
vt 0.58453957 0.07499089
vt 0.57948029 0.10042561
vt 0.57399065 0.12802389
vt 0.56828161 0.15672515
vt 0.56257258 0.18542641
vt 0.55708294 0.21302469
vt 0.55202366 0.23845942
vt 0.54758916 0.26075314
vt 0.54394986 0.27904913
vt 0.54124562 0.29264427
vt 0.53958036 0.30101612
vt 0.53901806 0.30384294
vt 0.53958036 0.30101612
vt 0.54124562 0.29264427
vt 0.54394986 0.27904913
vt 0.54758916 0.26075314
vt 0.55202366 0.23845942
vt 0.55708294 0.21302469
vt 0.56257258 0.18542641
vt 0.56828161 0.15672515
vt 0.57399065 0.12802389
vt 0.57948029 0.10042561
vt 0.58453957 0.07499089
vt 0.58897407 0.05269716
vt 0.59261336 0.03440118
vt 0.59531761 0.02080603
vt 0.59698287 0.01243419
vt 0.50000000 0.00000000
vt 0.50000000 0.00288221
vt 0.50000000 0.01141807
vt 0.50000000 0.02527956
vt 0.50000000 0.04393398
vt 0.50000000 0.06666447
vt 0.50000000 0.09259749
vt 0.50000000 0.12073645
vt 0.50000000 0.15000000
vt 0.50000000 0.17926355
vt 0.50000000 0.20740251
vt 0.50000000 0.23333553
vt 0.50000000 0.25606602
vt 0.50000000 0.27472044
vt 0.50000000 0.28858193
vt 0.50000000 0.29711779
vt 0.50000000 0.30000000
vt 0.50000000 0.29711779
vt 0.50000000 0.28858193
vt 0.50000000 0.27472044
vt 0.50000000 0.25606602
vt 0.50000000 0.23333553
vt 0.50000000 0.20740251
vt 0.50000000 0.17926355
vt 0.50000000 0.15000000
vt 0.50000000 0.12073645
vt 0.50000000 0.09259749
vt 0.50000000 0.06666447
vt 0.50000000 0.04393398
vt 0.50000000 0.02527956
vt 0.50000000 0.01141807
vt 0.50000000 0.00288221
vt 0.40245484 0.00960736
vt 0.40301713 0.01243419
vt 0.40468239 0.02080603
vt 0.40738664 0.03440118
vt 0.41102593 0.05269716
vt 0.41546043 0.07499089
vt 0.42051971 0.10042561
vt 0.42600935 0.12802389
vt 0.43171839 0.15672515
vt 0.43742742 0.18542641
vt 0.44291706 0.21302469
vt 0.44797634 0.23845942
vt 0.45241084 0.26075314
vt 0.45605014 0.27904913
vt 0.45875438 0.29264427
vt 0.46041964 0.30101612
vt 0.46098194 0.30384294
vt 0.46041964 0.30101612
vt 0.45875438 0.29264427
vt 0.45605014 0.27904913
vt 0.45241084 0.26075314
vt 0.44797634 0.23845942
vt 0.44291706 0.21302469
vt 0.43742742 0.18542641
vt 0.43171839 0.15672515
vt 0.42600935 0.12802389
vt 0.42051971 0.10042561
vt 0.41546043 0.07499089
vt 0.41102593 0.05269716
vt 0.40738664 0.03440118
vt 0.40468239 0.02080603
vt 0.40301713 0.01243419
vt 0.30865828 0.03806023
vt 0.30976126 0.04072305
vt 0.31302779 0.04860916
vt 0.31833235 0.06141550
vt 0.32547109 0.07864994
vt 0.33416967 0.09965017
vt 0.34409381 0.12360916
vt 0.35486212 0.14960617
vt 0.36606080 0.17664216
vt 0.37725947 0.20367816
vt 0.38802779 0.22967517
vt 0.39795193 0.25363416
vt 0.40665051 0.27463439
vt 0.41378925 0.29186883
vt 0.41909381 0.30467517
vt 0.42236034 0.31256128
vt 0.42346331 0.31522409
vt 0.42236034 0.31256128
vt 0.41909381 0.30467517
vt 0.41378925 0.29186883
vt 0.40665051 0.27463439
vt 0.39795193 0.25363416
vt 0.38802779 0.22967517
vt 0.37725947 0.20367816
vt 0.36606080 0.17664216
vt 0.35486212 0.14960617
vt 0.34409381 0.12360916
vt 0.33416967 0.09965017
vt 0.32547109 0.07864994
vt 0.31833235 0.06141550
vt 0.31302779 0.04860916
vt 0.30976126 0.04072305
vt 0.22221488 0.08426519
vt 0.22381615 0.08666166
vt 0.22855842 0.09375897
vt 0.23625945 0.10528438
vt 0.24662330 0.12079497
vt 0.25925168 0.13969467
vt 0.27365929 0.16125719
vt 0.28929246 0.18465388
vt 0.30555042 0.20898564
vt 0.32180837 0.23331739
vt 0.33744155 0.25671408
vt 0.35184916 0.27827660
vt 0.36447754 0.29717631
vt 0.37484138 0.31268689
vt 0.38254241 0.32421230
vt 0.38728468 0.33130961
vt 0.38888595 0.33370608
vt 0.38728468 0.33130961
vt 0.38254241 0.32421230
vt 0.37484138 0.31268689
vt 0.36447754 0.29717631
vt 0.35184916 0.27827660
vt 0.33744155 0.25671408
vt 0.32180837 0.23331739
vt 0.30555042 0.20898564
vt 0.28929246 0.18465388
vt 0.27365929 0.16125719
vt 0.25925168 0.13969467
vt 0.24662330 0.12079497
vt 0.23625945 0.10528438
vt 0.22855842 0.09375897
vt 0.22381615 0.08666166
vt 0.14644661 0.14644661
vt 0.14848464 0.14848464
vt 0.15452040 0.15452040
vt 0.16432196 0.16432196
vt 0.17751263 0.17751263
vt 0.19358550 0.19358550
vt 0.21192292 0.21192292
vt 0.23182017 0.23182017
vt 0.25251263 0.25251263
vt 0.27320508 0.27320508
vt 0.29310233 0.29310233
vt 0.31143975 0.31143975
vt 0.32751263 0.32751263
vt 0.34070330 0.34070330
vt 0.35050485 0.35050485
vt 0.35654061 0.35654061
vt 0.35857864 0.35857864
vt 0.35654061 0.35654061
vt 0.35050485 0.35050485
vt 0.34070330 0.34070330
vt 0.32751263 0.32751263
vt 0.31143975 0.31143975
vt 0.29310233 0.29310233
vt 0.27320508 0.27320508
vt 0.25251263 0.25251263
vt 0.23182017 0.23182017
vt 0.21192292 0.21192292
vt 0.19358550 0.19358550
vt 0.17751263 0.17751263
vt 0.16432196 0.16432196
vt 0.15452040 0.15452040
vt 0.14848464 0.14848464
vt 0.08426519 0.22221488
vt 0.08666166 0.22381615
vt 0.09375897 0.22855842
vt 0.10528438 0.23625945
vt 0.12079497 0.24662330
vt 0.13969467 0.25925168
vt 0.16125719 0.27365929
vt 0.18465388 0.28929246
vt 0.20898564 0.30555042
vt 0.23331739 0.32180837
vt 0.25671408 0.33744155
vt 0.27827660 0.35184916
vt 0.29717631 0.36447754
vt 0.31268689 0.37484138
vt 0.32421230 0.38254241
vt 0.33130961 0.38728468
vt 0.33370608 0.38888595
vt 0.33130961 0.38728468
vt 0.32421230 0.38254241
vt 0.31268689 0.37484138
vt 0.29717631 0.36447754
vt 0.27827660 0.35184916
vt 0.25671408 0.33744155
vt 0.23331739 0.32180837
vt 0.20898564 0.30555042
vt 0.18465388 0.28929246
vt 0.16125719 0.27365929
vt 0.13969467 0.25925168
vt 0.12079497 0.24662330
vt 0.10528438 0.23625945
vt 0.09375897 0.22855842
vt 0.08666166 0.22381615
vt 0.03806023 0.30865828
vt 0.04072305 0.30976126
vt 0.04860916 0.31302779
vt 0.06141550 0.31833235
vt 0.07864994 0.32547109
vt 0.09965017 0.33416967
vt 0.12360916 0.34409381
vt 0.14960617 0.35486212
vt 0.17664216 0.36606080
vt 0.20367816 0.37725947
vt 0.22967517 0.38802779
vt 0.25363416 0.39795193
vt 0.27463439 0.40665051
vt 0.29186883 0.41378925
vt 0.30467517 0.41909381
vt 0.31256128 0.42236034
vt 0.31522409 0.42346331
vt 0.31256128 0.42236034
vt 0.30467517 0.41909381
vt 0.29186883 0.41378925
vt 0.27463439 0.40665051
vt 0.25363416 0.39795193
vt 0.22967517 0.38802779
vt 0.20367816 0.37725947
vt 0.17664216 0.36606080
vt 0.14960617 0.35486212
vt 0.12360916 0.34409381
vt 0.09965017 0.33416967
vt 0.07864994 0.32547109
vt 0.06141550 0.31833235
vt 0.04860916 0.31302779
vt 0.04072305 0.30976126
vt 0.00960736 0.40245484
vt 0.01243419 0.40301713
vt 0.02080603 0.40468239
vt 0.03440118 0.40738664
vt 0.05269716 0.41102593
vt 0.07499089 0.41546043
vt 0.10042561 0.42051971
vt 0.12802389 0.42600935
vt 0.15672515 0.43171839
vt 0.18542641 0.43742742
vt 0.21302469 0.44291706
vt 0.23845942 0.44797634
vt 0.26075314 0.45241084
vt 0.27904913 0.45605014
vt 0.29264427 0.45875438
vt 0.30101612 0.46041964
vt 0.30384294 0.46098194
vt 0.30101612 0.46041964
vt 0.29264427 0.45875438
vt 0.27904913 0.45605014
vt 0.26075314 0.45241084
vt 0.23845942 0.44797634
vt 0.21302469 0.44291706
vt 0.18542641 0.43742742
vt 0.15672515 0.43171839
vt 0.12802389 0.42600935
vt 0.10042561 0.42051971
vt 0.07499089 0.41546043
vt 0.05269716 0.41102593
vt 0.03440118 0.40738664
vt 0.02080603 0.40468239
vt 0.01243419 0.40301713
vt 0.00000000 0.50000000
vt 0.00288221 0.50000000
vt 0.01141807 0.50000000
vt 0.02527956 0.50000000
vt 0.04393398 0.50000000
vt 0.06666447 0.50000000
vt 0.09259749 0.50000000
vt 0.12073645 0.50000000
vt 0.15000000 0.50000000
vt 0.17926355 0.50000000
vt 0.20740251 0.50000000
vt 0.23333553 0.50000000
vt 0.25606602 0.50000000
vt 0.27472044 0.50000000
vt 0.28858193 0.50000000
vt 0.29711779 0.50000000
vt 0.30000000 0.50000000
vt 0.29711779 0.50000000
vt 0.28858193 0.50000000
vt 0.27472044 0.50000000
vt 0.25606602 0.50000000
vt 0.23333553 0.50000000
vt 0.20740251 0.50000000
vt 0.17926355 0.50000000
vt 0.15000000 0.50000000
vt 0.12073645 0.50000000
vt 0.09259749 0.50000000
vt 0.06666447 0.50000000
vt 0.04393398 0.50000000
vt 0.02527956 0.50000000
vt 0.01141807 0.50000000
vt 0.00288221 0.50000000
vt 0.00960736 0.59754516
vt 0.01243419 0.59698287
vt 0.02080603 0.59531761
vt 0.03440118 0.59261336
vt 0.05269716 0.58897407
vt 0.07499089 0.58453957
vt 0.10042561 0.57948029
vt 0.12802389 0.57399065
vt 0.15672515 0.56828161
vt 0.18542641 0.56257258
vt 0.21302469 0.55708294
vt 0.23845942 0.55202366
vt 0.26075314 0.54758916
vt 0.27904913 0.54394986
vt 0.29264427 0.54124562
vt 0.30101612 0.53958036
vt 0.30384294 0.53901806
vt 0.30101612 0.53958036
vt 0.29264427 0.54124562
vt 0.27904913 0.54394986
vt 0.26075314 0.54758916
vt 0.23845942 0.55202366
vt 0.21302469 0.55708294
vt 0.18542641 0.56257258
vt 0.15672515 0.56828161
vt 0.12802389 0.57399065
vt 0.10042561 0.57948029
vt 0.07499089 0.58453957
vt 0.05269716 0.58897407
vt 0.03440118 0.59261336
vt 0.02080603 0.59531761
vt 0.01243419 0.59698287
vt 0.03806023 0.69134172
vt 0.04072305 0.69023874
vt 0.04860916 0.68697221
vt 0.06141550 0.68166765
vt 0.07864994 0.67452891
vt 0.09965017 0.66583033
vt 0.12360916 0.65590619
vt 0.14960617 0.64513788
vt 0.17664216 0.63393920
vt 0.20367816 0.62274053
vt 0.22967517 0.61197221
vt 0.25363416 0.60204807
vt 0.27463439 0.59334949
vt 0.29186883 0.58621075
vt 0.30467517 0.58090619
vt 0.31256128 0.57763966
vt 0.31522409 0.57653669
vt 0.31256128 0.57763966
vt 0.30467517 0.58090619
vt 0.29186883 0.58621075
vt 0.27463439 0.59334949
vt 0.25363416 0.60204807
vt 0.22967517 0.61197221
vt 0.20367816 0.62274053
vt 0.17664216 0.63393920
vt 0.14960617 0.64513788
vt 0.12360916 0.65590619
vt 0.09965017 0.66583033
vt 0.07864994 0.67452891
vt 0.06141550 0.68166765
vt 0.04860916 0.68697221
vt 0.04072305 0.69023874
vt 0.08426519 0.77778512
vt 0.08666166 0.77618385
vt 0.09375897 0.77144158
vt 0.10528438 0.76374055
vt 0.12079497 0.75337670
vt 0.13969467 0.74074832
vt 0.16125719 0.72634071
vt 0.18465388 0.71070754
vt 0.20898564 0.69444958
vt 0.23331739 0.67819163
vt 0.25671408 0.66255845
vt 0.27827660 0.64815084
vt 0.29717631 0.63552246
vt 0.31268689 0.62515862
vt 0.32421230 0.61745759
vt 0.33130961 0.61271532
vt 0.33370608 0.61111405
vt 0.33130961 0.61271532
vt 0.32421230 0.61745759
vt 0.31268689 0.62515862
vt 0.29717631 0.63552246
vt 0.27827660 0.64815084
vt 0.25671408 0.66255845
vt 0.23331739 0.67819163
vt 0.20898564 0.69444958
vt 0.18465388 0.71070754
vt 0.16125719 0.72634071
vt 0.13969467 0.74074832
vt 0.12079497 0.75337670
vt 0.10528438 0.76374055
vt 0.09375897 0.77144158
vt 0.08666166 0.77618385
vt 0.14644661 0.85355339
vt 0.14848464 0.85151536
vt 0.15452040 0.84547960
vt 0.16432196 0.83567804
vt 0.17751263 0.82248737
vt 0.19358550 0.80641450
vt 0.21192292 0.78807708
vt 0.23182017 0.76817983
vt 0.25251263 0.74748737
vt 0.27320508 0.72679492
vt 0.29310233 0.70689767
vt 0.31143975 0.68856025
vt 0.32751263 0.67248737
vt 0.34070330 0.65929670
vt 0.35050485 0.64949515
vt 0.35654061 0.64345939
vt 0.35857864 0.64142136
vt 0.35654061 0.64345939
vt 0.35050485 0.64949515
vt 0.34070330 0.65929670
vt 0.32751263 0.67248737
vt 0.31143975 0.68856025
vt 0.29310233 0.70689767
vt 0.27320508 0.72679492
vt 0.25251263 0.74748737
vt 0.23182017 0.76817983
vt 0.21192292 0.78807708
vt 0.19358550 0.80641450
vt 0.17751263 0.82248737
vt 0.16432196 0.83567804
vt 0.15452040 0.84547960
vt 0.14848464 0.85151536
vt 0.22221488 0.91573481
vt 0.22381615 0.91333834
vt 0.22855842 0.90624103
vt 0.23625945 0.89471562
vt 0.24662330 0.87920503
vt 0.25925168 0.86030533
vt 0.27365929 0.83874281
vt 0.28929246 0.81534612
vt 0.30555042 0.79101436
vt 0.32180837 0.76668261
vt 0.33744155 0.74328592
vt 0.35184916 0.72172340
vt 0.36447754 0.70282369
vt 0.37484138 0.68731311
vt 0.38254241 0.67578770
vt 0.38728468 0.66869039
vt 0.38888595 0.66629392
vt 0.38728468 0.66869039
vt 0.38254241 0.67578770
vt 0.37484138 0.68731311
vt 0.36447754 0.70282369
vt 0.35184916 0.72172340
vt 0.33744155 0.74328592
vt 0.32180837 0.76668261
vt 0.30555042 0.79101436
vt 0.28929246 0.81534612
vt 0.27365929 0.83874281
vt 0.25925168 0.86030533
vt 0.24662330 0.87920503
vt 0.23625945 0.89471562
vt 0.22855842 0.90624103
vt 0.22381615 0.91333834
vt 0.30865828 0.96193977
vt 0.30976126 0.95927695
vt 0.31302779 0.95139084
vt 0.31833235 0.93858450
vt 0.32547109 0.92135006
vt 0.33416967 0.90034983
vt 0.34409381 0.87639084
vt 0.35486212 0.85039383
vt 0.36606080 0.82335784
vt 0.37725947 0.79632184
vt 0.38802779 0.77032483
vt 0.39795193 0.74636584
vt 0.40665051 0.72536561
vt 0.41378925 0.70813117
vt 0.41909381 0.69532483
vt 0.42236034 0.68743872
vt 0.42346331 0.68477591
vt 0.42236034 0.68743872
vt 0.41909381 0.69532483
vt 0.41378925 0.70813117
vt 0.40665051 0.72536561
vt 0.39795193 0.74636584
vt 0.38802779 0.77032483
vt 0.37725947 0.79632184
vt 0.36606080 0.82335784
vt 0.35486212 0.85039383
vt 0.34409381 0.87639084
vt 0.33416967 0.90034983
vt 0.32547109 0.92135006
vt 0.31833235 0.93858450
vt 0.31302779 0.95139084
vt 0.30976126 0.95927695
vt 0.40245484 0.99039264
vt 0.40301713 0.98756581
vt 0.40468239 0.97919397
vt 0.40738664 0.96559882
vt 0.41102593 0.94730284
vt 0.41546043 0.92500911
vt 0.42051971 0.89957439
vt 0.42600935 0.87197611
vt 0.43171839 0.84327485
vt 0.43742742 0.81457359
vt 0.44291706 0.78697531
vt 0.44797634 0.76154058
vt 0.45241084 0.73924686
vt 0.45605014 0.72095087
vt 0.45875438 0.70735573
vt 0.46041964 0.69898388
vt 0.46098194 0.69615706
vt 0.46041964 0.69898388
vt 0.45875438 0.70735573
vt 0.45605014 0.72095087
vt 0.45241084 0.73924686
vt 0.44797634 0.76154058
vt 0.44291706 0.78697531
vt 0.43742742 0.81457359
vt 0.43171839 0.84327485
vt 0.42600935 0.87197611
vt 0.42051971 0.89957439
vt 0.41546043 0.92500911
vt 0.41102593 0.94730284
vt 0.40738664 0.96559882
vt 0.40468239 0.97919397
vt 0.40301713 0.98756581
vt 0.50000000 1.00000000
vt 0.50000000 0.99711779
vt 0.50000000 0.98858193
vt 0.50000000 0.97472044
vt 0.50000000 0.95606602
vt 0.50000000 0.93333553
vt 0.50000000 0.90740251
vt 0.50000000 0.87926355
vt 0.50000000 0.85000000
vt 0.50000000 0.82073645
vt 0.50000000 0.79259749
vt 0.50000000 0.76666447
vt 0.50000000 0.74393398
vt 0.50000000 0.72527956
vt 0.50000000 0.71141807
vt 0.50000000 0.70288221
vt 0.50000000 0.70000000
vt 0.50000000 0.70288221
vt 0.50000000 0.71141807
vt 0.50000000 0.72527956
vt 0.50000000 0.74393398
vt 0.50000000 0.76666447
vt 0.50000000 0.79259749
vt 0.50000000 0.82073645
vt 0.50000000 0.85000000
vt 0.50000000 0.87926355
vt 0.50000000 0.90740251
vt 0.50000000 0.93333553
vt 0.50000000 0.95606602
vt 0.50000000 0.97472044
vt 0.50000000 0.98858193
vt 0.50000000 0.99711779
vt 0.59754516 0.99039264
vt 0.59698287 0.98756581
vt 0.59531761 0.97919397
vt 0.59261336 0.96559882
vt 0.58897407 0.94730284
vt 0.58453957 0.92500911
vt 0.57948029 0.89957439
vt 0.57399065 0.87197611
vt 0.56828161 0.84327485
vt 0.56257258 0.81457359
vt 0.55708294 0.78697531
vt 0.55202366 0.76154058
vt 0.54758916 0.73924686
vt 0.54394986 0.72095087
vt 0.54124562 0.70735573
vt 0.53958036 0.69898388
vt 0.53901806 0.69615706
vt 0.53958036 0.69898388
vt 0.54124562 0.70735573
vt 0.54394986 0.72095087
vt 0.54758916 0.73924686
vt 0.55202366 0.76154058
vt 0.55708294 0.78697531
vt 0.56257258 0.81457359
vt 0.56828161 0.84327485
vt 0.57399065 0.87197611
vt 0.57948029 0.89957439
vt 0.58453957 0.92500911
vt 0.58897407 0.94730284
vt 0.59261336 0.96559882
vt 0.59531761 0.97919397
vt 0.59698287 0.98756581
vt 0.69134172 0.96193977
vt 0.69023874 0.95927695
vt 0.68697221 0.95139084
vt 0.68166765 0.93858450
vt 0.67452891 0.92135006
vt 0.66583033 0.90034983
vt 0.65590619 0.87639084
vt 0.64513788 0.85039383
vt 0.63393920 0.82335784
vt 0.62274053 0.79632184
vt 0.61197221 0.77032483
vt 0.60204807 0.74636584
vt 0.59334949 0.72536561
vt 0.58621075 0.70813117
vt 0.58090619 0.69532483
vt 0.57763966 0.68743872
vt 0.57653669 0.68477591
vt 0.57763966 0.68743872
vt 0.58090619 0.69532483
vt 0.58621075 0.70813117
vt 0.59334949 0.72536561
vt 0.60204807 0.74636584
vt 0.61197221 0.77032483
vt 0.62274053 0.79632184
vt 0.63393920 0.82335784
vt 0.64513788 0.85039383
vt 0.65590619 0.87639084
vt 0.66583033 0.90034983
vt 0.67452891 0.92135006
vt 0.68166765 0.93858450
vt 0.68697221 0.95139084
vt 0.69023874 0.95927695
vt 0.77778512 0.91573481
vt 0.77618385 0.91333834
vt 0.77144158 0.90624103
vt 0.76374055 0.89471562
vt 0.75337670 0.87920503
vt 0.74074832 0.86030533
vt 0.72634071 0.83874281
vt 0.71070754 0.81534612
vt 0.69444958 0.79101436
vt 0.67819163 0.76668261
vt 0.66255845 0.74328592
vt 0.64815084 0.72172340
vt 0.63552246 0.70282369
vt 0.62515862 0.68731311
vt 0.61745759 0.67578770
vt 0.61271532 0.66869039
vt 0.61111405 0.66629392
vt 0.61271532 0.66869039
vt 0.61745759 0.67578770
vt 0.62515862 0.68731311
vt 0.63552246 0.70282369
vt 0.64815084 0.72172340
vt 0.66255845 0.74328592
vt 0.67819163 0.76668261
vt 0.69444958 0.79101436
vt 0.71070754 0.81534612
vt 0.72634071 0.83874281
vt 0.74074832 0.86030533
vt 0.75337670 0.87920503
vt 0.76374055 0.89471562
vt 0.77144158 0.90624103
vt 0.77618385 0.91333834
vt 0.85355339 0.85355339
vt 0.85151536 0.85151536
vt 0.84547960 0.84547960
vt 0.83567804 0.83567804
vt 0.82248737 0.82248737
vt 0.80641450 0.80641450
vt 0.78807708 0.78807708
vt 0.76817983 0.76817983
vt 0.74748737 0.74748737
vt 0.72679492 0.72679492
vt 0.70689767 0.70689767
vt 0.68856025 0.68856025
vt 0.67248737 0.67248737
vt 0.65929670 0.65929670
vt 0.64949515 0.64949515
vt 0.64345939 0.64345939
vt 0.64142136 0.64142136
vt 0.64345939 0.64345939
vt 0.64949515 0.64949515
vt 0.65929670 0.65929670
vt 0.67248737 0.67248737
vt 0.68856025 0.68856025
vt 0.70689767 0.70689767
vt 0.72679492 0.72679492
vt 0.74748737 0.74748737
vt 0.76817983 0.76817983
vt 0.78807708 0.78807708
vt 0.80641450 0.80641450
vt 0.82248737 0.82248737
vt 0.83567804 0.83567804
vt 0.84547960 0.84547960
vt 0.85151536 0.85151536
vt 0.91573481 0.77778512
vt 0.91333834 0.77618385
vt 0.90624103 0.77144158
vt 0.89471562 0.76374055
vt 0.87920503 0.75337670
vt 0.86030533 0.74074832
vt 0.83874281 0.72634071
vt 0.81534612 0.71070754
vt 0.79101436 0.69444958
vt 0.76668261 0.67819163
vt 0.74328592 0.66255845
vt 0.72172340 0.64815084
vt 0.70282369 0.63552246
vt 0.68731311 0.62515862
vt 0.67578770 0.61745759
vt 0.66869039 0.61271532
vt 0.66629392 0.61111405
vt 0.66869039 0.61271532
vt 0.67578770 0.61745759
vt 0.68731311 0.62515862
vt 0.70282369 0.63552246
vt 0.72172340 0.64815084
vt 0.74328592 0.66255845
vt 0.76668261 0.67819163
vt 0.79101436 0.69444958
vt 0.81534612 0.71070754
vt 0.83874281 0.72634071
vt 0.86030533 0.74074832
vt 0.87920503 0.75337670
vt 0.89471562 0.76374055
vt 0.90624103 0.77144158
vt 0.91333834 0.77618385
vt 0.96193977 0.69134172
vt 0.95927695 0.69023874
vt 0.95139084 0.68697221
vt 0.93858450 0.68166765
vt 0.92135006 0.67452891
vt 0.90034983 0.66583033
vt 0.87639084 0.65590619
vt 0.85039383 0.64513788
vt 0.82335784 0.63393920
vt 0.79632184 0.62274053
vt 0.77032483 0.61197221
vt 0.74636584 0.60204807
vt 0.72536561 0.59334949
vt 0.70813117 0.58621075
vt 0.69532483 0.58090619
vt 0.68743872 0.57763966
vt 0.68477591 0.57653669
vt 0.68743872 0.57763966
vt 0.69532483 0.58090619
vt 0.70813117 0.58621075
vt 0.72536561 0.59334949
vt 0.74636584 0.60204807
vt 0.77032483 0.61197221
vt 0.79632184 0.62274053
vt 0.82335784 0.63393920
vt 0.85039383 0.64513788
vt 0.87639084 0.65590619
vt 0.90034983 0.66583033
vt 0.92135006 0.67452891
vt 0.93858450 0.68166765
vt 0.95139084 0.68697221
vt 0.95927695 0.69023874
vt 0.99039264 0.59754516
vt 0.98756581 0.59698287
vt 0.97919397 0.59531761
vt 0.96559882 0.59261336
vt 0.94730284 0.58897407
vt 0.92500911 0.58453957
vt 0.89957439 0.57948029
vt 0.87197611 0.57399065
vt 0.84327485 0.56828161
vt 0.81457359 0.56257258
vt 0.78697531 0.55708294
vt 0.76154058 0.55202366
vt 0.73924686 0.54758916
vt 0.72095087 0.54394986
vt 0.70735573 0.54124562
vt 0.69898388 0.53958036
vt 0.69615706 0.53901806
vt 0.69898388 0.53958036
vt 0.70735573 0.54124562
vt 0.72095087 0.54394986
vt 0.73924686 0.54758916
vt 0.76154058 0.55202366
vt 0.78697531 0.55708294
vt 0.81457359 0.56257258
vt 0.84327485 0.56828161
vt 0.87197611 0.57399065
vt 0.89957439 0.57948029
vt 0.92500911 0.58453957
vt 0.94730284 0.58897407
vt 0.96559882 0.59261336
vt 0.97919397 0.59531761
vt 0.98756581 0.59698287
f 1/1 33/33 2/2
f 2/2 33/33 34/34
f 2/2 34/34 3/3
f 3/3 34/34 35/35
f 3/3 35/35 4/4
f 4/4 35/35 36/36
f 4/4 36/36 5/5
f 5/5 36/36 37/37
f 5/5 37/37 6/6
f 6/6 37/37 38/38
f 6/6 38/38 7/7
f 7/7 38/38 39/39
f 7/7 39/39 8/8
f 8/8 39/39 40/40
f 8/8 40/40 9/9
f 9/9 40/40 41/41
f 9/9 41/41 10/10
f 10/10 41/41 42/42
f 10/10 42/42 11/11
f 11/11 42/42 43/43
f 11/11 43/43 12/12
f 12/12 43/43 44/44
f 12/12 44/44 13/13
f 13/13 44/44 45/45
f 13/13 45/45 14/14
f 14/14 45/45 46/46
f 14/14 46/46 15/15
f 15/15 46/46 47/47
f 15/15 47/47 16/16
f 16/16 47/47 48/48
f 16/16 48/48 17/17
f 17/17 48/48 49/49
f 17/17 49/49 18/18
f 18/18 49/49 50/50
f 18/18 50/50 19/19
f 19/19 50/50 51/51
f 19/19 51/51 20/20
f 20/20 51/51 52/52
f 20/20 52/52 21/21
f 21/21 52/52 53/53
f 21/21 53/53 22/22
f 22/22 53/53 54/54
f 22/22 54/54 23/23
f 23/23 54/54 55/55
f 23/23 55/55 24/24
f 24/24 55/55 56/56
f 24/24 56/56 25/25
f 25/25 56/56 57/57
f 25/25 57/57 26/26
f 26/26 57/57 58/58
f 26/26 58/58 27/27
f 27/27 58/58 59/59
f 27/27 59/59 28/28
f 28/28 59/59 60/60
f 28/28 60/60 29/29
f 29/29 60/60 61/61
f 29/29 61/61 30/30
f 30/30 61/61 62/62
f 30/30 62/62 31/31
f 31/31 62/62 63/63
f 31/31 63/63 32/32
f 32/32 63/63 64/64
f 32/32 64/64 1/1
f 1/1 64/64 33/33
f 33/33 65/65 34/34
f 34/34 65/65 66/66
f 34/34 66/66 35/35
f 35/35 66/66 67/67
f 35/35 67/67 36/36
f 36/36 67/67 68/68
f 36/36 68/68 37/37
f 37/37 68/68 69/69
f 37/37 69/69 38/38
f 38/38 69/69 70/70
f 38/38 70/70 39/39
f 39/39 70/70 71/71
f 39/39 71/71 40/40
f 40/40 71/71 72/72
f 40/40 72/72 41/41
f 41/41 72/72 73/73
f 41/41 73/73 42/42
f 42/42 73/73 74/74
f 42/42 74/74 43/43
f 43/43 74/74 75/75
f 43/43 75/75 44/44
f 44/44 75/75 76/76
f 44/44 76/76 45/45
f 45/45 76/76 77/77
f 45/45 77/77 46/46
f 46/46 77/77 78/78
f 46/46 78/78 47/47
f 47/47 78/78 79/79
f 47/47 79/79 48/48
f 48/48 79/79 80/80
f 48/48 80/80 49/49
f 49/49 80/80 81/81
f 49/49 81/81 50/50
f 50/50 81/81 82/82
f 50/50 82/82 51/51
f 51/51 82/82 83/83
f 51/51 83/83 52/52
f 52/52 83/83 84/84
f 52/52 84/84 53/53
f 53/53 84/84 85/85
f 53/53 85/85 54/54
f 54/54 85/85 86/86
f 54/54 86/86 55/55
f 55/55 86/86 87/87
f 55/55 87/87 56/56
f 56/56 87/87 88/88
f 56/56 88/88 57/57
f 57/57 88/88 89/89
f 57/57 89/89 58/58
f 58/58 89/89 90/90
f 58/58 90/90 59/59
f 59/59 90/90 91/91
f 59/59 91/91 60/60
f 60/60 91/91 92/92
f 60/60 92/92 61/61
f 61/61 92/92 93/93
f 61/61 93/93 62/62
f 62/62 93/93 94/94
f 62/62 94/94 63/63
f 63/63 94/94 95/95
f 63/63 95/95 64/64
f 64/64 95/95 96/96
f 64/64 96/96 33/33
f 33/33 96/96 65/65
f 65/65 97/97 66/66
f 66/66 97/97 98/98
f 66/66 98/98 67/67
f 67/67 98/98 99/99
f 67/67 99/99 68/68
f 68/68 99/99 100/100
f 68/68 100/100 69/69
f 69/69 100/100 101/101
f 69/69 101/101 70/70
f 70/70 101/101 102/102
f 70/70 102/102 71/71
f 71/71 102/102 103/103
f 71/71 103/103 72/72
f 72/72 103/103 104/104
f 72/72 104/104 73/73
f 73/73 104/104 105/105
f 73/73 105/105 74/74
f 74/74 105/105 106/106
f 74/74 106/106 75/75
f 75/75 106/106 107/107
f 75/75 107/107 76/76
f 76/76 107/107 108/108
f 76/76 108/108 77/77
f 77/77 108/108 109/109
f 77/77 109/109 78/78
f 78/78 109/109 110/110
f 78/78 110/110 79/79
f 79/79 110/110 111/111
f 79/79 111/111 80/80
f 80/80 111/111 112/112
f 80/80 112/112 81/81
f 81/81 112/112 113/113
f 81/81 113/113 82/82
f 82/82 113/113 114/114
f 82/82 114/114 83/83
f 83/83 114/114 115/115
f 83/83 115/115 84/84
f 84/84 115/115 116/116
f 84/84 116/116 85/85
f 85/85 116/116 117/117
f 85/85 117/117 86/86
f 86/86 117/117 118/118
f 86/86 118/118 87/87
f 87/87 118/118 119/119
f 87/87 119/119 88/88
f 88/88 119/119 120/120
f 88/88 120/120 89/89
f 89/89 120/120 121/121
f 89/89 121/121 90/90
f 90/90 121/121 122/122
f 90/90 122/122 91/91
f 91/91 122/122 123/123
f 91/91 123/123 92/92
f 92/92 123/123 124/124
f 92/92 124/124 93/93
f 93/93 124/124 125/125
f 93/93 125/125 94/94
f 94/94 125/125 126/126
f 94/94 126/126 95/95
f 95/95 126/126 127/127
f 95/95 127/127 96/96
f 96/96 127/127 128/128
f 96/96 128/128 65/65
f 65/65 128/128 97/97
f 97/97 129/129 98/98
f 98/98 129/129 130/130
f 98/98 130/130 99/99
f 99/99 130/130 131/131
f 99/99 131/131 100/100
f 100/100 131/131 132/132
f 100/100 132/132 101/101
f 101/101 132/132 133/133
f 101/101 133/133 102/102
f 102/102 133/133 134/134
f 102/102 134/134 103/103
f 103/103 134/134 135/135
f 103/103 135/135 104/104
f 104/104 135/135 136/136
f 104/104 136/136 105/105
f 105/105 136/136 137/137
f 105/105 137/137 106/106
f 106/106 137/137 138/138
f 106/106 138/138 107/107
f 107/107 138/138 139/139
f 107/107 139/139 108/108
f 108/108 139/139 140/140
f 108/108 140/140 109/109
f 109/109 140/140 141/141
f 109/109 141/141 110/110
f 110/110 141/141 142/142
f 110/110 142/142 111/111
f 111/111 142/142 143/143
f 111/111 143/143 112/112
f 112/112 143/143 144/144
f 112/112 144/144 113/113
f 113/113 144/144 145/145
f 113/113 145/145 114/114
f 114/114 145/145 146/146
f 114/114 146/146 115/115
f 115/115 146/146 147/147
f 115/115 147/147 116/116
f 116/116 147/147 148/148
f 116/116 148/148 117/117
f 117/117 148/148 149/149
f 117/117 149/149 118/118
f 118/118 149/149 150/150
f 118/118 150/150 119/119
f 119/119 150/150 151/151
f 119/119 151/151 120/120
f 120/120 151/151 152/152
f 120/120 152/152 121/121
f 121/121 152/152 153/153
f 121/121 153/153 122/122
f 122/122 153/153 154/154
f 122/122 154/154 123/123
f 123/123 154/154 155/155
f 123/123 155/155 124/124
f 124/124 155/155 156/156
f 124/124 156/156 125/125
f 125/125 156/156 157/157
f 125/125 157/157 126/126
f 126/126 157/157 158/158
f 126/126 158/158 127/127
f 127/127 158/158 159/159
f 127/127 159/159 128/128
f 128/128 159/159 160/160
f 128/128 160/160 97/97
f 97/97 160/160 129/129
f 129/129 161/161 130/130
f 130/130 161/161 162/162
f 130/130 162/162 131/131
f 131/131 162/162 163/163
f 131/131 163/163 132/132
f 132/132 163/163 164/164
f 132/132 164/164 133/133
f 133/133 164/164 165/165
f 133/133 165/165 134/134
f 134/134 165/165 166/166
f 134/134 166/166 135/135
f 135/135 166/166 167/167
f 135/135 167/167 136/136
f 136/136 167/167 168/168
f 136/136 168/168 137/137
f 137/137 168/168 169/169
f 137/137 169/169 138/138
f 138/138 169/169 170/170
f 138/138 170/170 139/139
f 139/139 170/170 171/171
f 139/139 171/171 140/140
f 140/140 171/171 172/172
f 140/140 172/172 141/141
f 141/141 172/172 173/173
f 141/141 173/173 142/142
f 142/142 173/173 174/174
f 142/142 174/174 143/143
f 143/143 174/174 175/175
f 143/143 175/175 144/144
f 144/144 175/175 176/176
f 144/144 176/176 145/145
f 145/145 176/176 177/177
f 145/145 177/177 146/146
f 146/146 177/177 178/178
f 146/146 178/178 147/147
f 147/147 178/178 179/179
f 147/147 179/179 148/148
f 148/148 179/179 180/180
f 148/148 180/180 149/149
f 149/149 180/180 181/181
f 149/149 181/181 150/150
f 150/150 181/181 182/182
f 150/150 182/182 151/151
f 151/151 182/182 183/183
f 151/151 183/183 152/152
f 152/152 183/183 184/184
f 152/152 184/184 153/153
f 153/153 184/184 185/185
f 153/153 185/185 154/154
f 154/154 185/185 186/186
f 154/154 186/186 155/155
f 155/155 186/186 187/187
f 155/155 187/187 156/156
f 156/156 187/187 188/188
f 156/156 188/188 157/157
f 157/157 188/188 189/189
f 157/157 189/189 158/158
f 158/158 189/189 190/190
f 158/158 190/190 159/159
f 159/159 190/190 191/191
f 159/159 191/191 160/160
f 160/160 191/191 192/192
f 160/160 192/192 129/129
f 129/129 192/192 161/161
f 161/161 193/193 162/162
f 162/162 193/193 194/194
f 162/162 194/194 163/163
f 163/163 194/194 195/195
f 163/163 195/195 164/164
f 164/164 195/195 196/196
f 164/164 196/196 165/165
f 165/165 196/196 197/197
f 165/165 197/197 166/166
f 166/166 197/197 198/198
f 166/166 198/198 167/167
f 167/167 198/198 199/199
f 167/167 199/199 168/168
f 168/168 199/199 200/200
f 168/168 200/200 169/169
f 169/169 200/200 201/201
f 169/169 201/201 170/170
f 170/170 201/201 202/202
f 170/170 202/202 171/171
f 171/171 202/202 203/203
f 171/171 203/203 172/172
f 172/172 203/203 204/204
f 172/172 204/204 173/173
f 173/173 204/204 205/205
f 173/173 205/205 174/174
f 174/174 205/205 206/206
f 174/174 206/206 175/175
f 175/175 206/206 207/207
f 175/175 207/207 176/176
f 176/176 207/207 208/208
f 176/176 208/208 177/177
f 177/177 208/208 209/209
f 177/177 209/209 178/178
f 178/178 209/209 210/210
f 178/178 210/210 179/179
f 179/179 210/210 211/211
f 179/179 211/211 180/180
f 180/180 211/211 212/212
f 180/180 212/212 181/181
f 181/181 212/212 213/213
f 181/181 213/213 182/182
f 182/182 213/213 214/214
f 182/182 214/214 183/183
f 183/183 214/214 215/215
f 183/183 215/215 184/184
f 184/184 215/215 216/216
f 184/184 216/216 185/185
f 185/185 216/216 217/217
f 185/185 217/217 186/186
f 186/186 217/217 218/218
f 186/186 218/218 187/187
f 187/187 218/218 219/219
f 187/187 219/219 188/188
f 188/188 219/219 220/220
f 188/188 220/220 189/189
f 189/189 220/220 221/221
f 189/189 221/221 190/190
f 190/190 221/221 222/222
f 190/190 222/222 191/191
f 191/191 222/222 223/223
f 191/191 223/223 192/192
f 192/192 223/223 224/224
f 192/192 224/224 161/161
f 161/161 224/224 193/193
f 193/193 225/225 194/194
f 194/194 225/225 226/226
f 194/194 226/226 195/195
f 195/195 226/226 227/227
f 195/195 227/227 196/196
f 196/196 227/227 228/228
f 196/196 228/228 197/197
f 197/197 228/228 229/229
f 197/197 229/229 198/198
f 198/198 229/229 230/230
f 198/198 230/230 199/199
f 199/199 230/230 231/231
f 199/199 231/231 200/200
f 200/200 231/231 232/232
f 200/200 232/232 201/201
f 201/201 232/232 233/233
f 201/201 233/233 202/202
f 202/202 233/233 234/234
f 202/202 234/234 203/203
f 203/203 234/234 235/235
f 203/203 235/235 204/204
f 204/204 235/235 236/236
f 204/204 236/236 205/205
f 205/205 236/236 237/237
f 205/205 237/237 206/206
f 206/206 237/237 238/238
f 206/206 238/238 207/207
f 207/207 238/238 239/239
f 207/207 239/239 208/208
f 208/208 239/239 240/240
f 208/208 240/240 209/209
f 209/209 240/240 241/241
f 209/209 241/241 210/210
f 210/210 241/241 242/242
f 210/210 242/242 211/211
f 211/211 242/242 243/243
f 211/211 243/243 212/212
f 212/212 243/243 244/244
f 212/212 244/244 213/213
f 213/213 244/244 245/245
f 213/213 245/245 214/214
f 214/214 245/245 246/246
f 214/214 246/246 215/215
f 215/215 246/246 247/247
f 215/215 247/247 216/216
f 216/216 247/247 248/248
f 216/216 248/248 217/217
f 217/217 248/248 249/249
f 217/217 249/249 218/218
f 218/218 249/249 250/250
f 218/218 250/250 219/219
f 219/219 250/250 251/251
f 219/219 251/251 220/220
f 220/220 251/251 252/252
f 220/220 252/252 221/221
f 221/221 252/252 253/253
f 221/221 253/253 222/222
f 222/222 253/253 254/254
f 222/222 254/254 223/223
f 223/223 254/254 255/255
f 223/223 255/255 224/224
f 224/224 255/255 256/256
f 224/224 256/256 193/193
f 193/193 256/256 225/225
f 225/225 257/257 226/226
f 226/226 257/257 258/258
f 226/226 258/258 227/227
f 227/227 258/258 259/259
f 227/227 259/259 228/228
f 228/228 259/259 260/260
f 228/228 260/260 229/229
f 229/229 260/260 261/261
f 229/229 261/261 230/230
f 230/230 261/261 262/262
f 230/230 262/262 231/231
f 231/231 262/262 263/263
f 231/231 263/263 232/232
f 232/232 263/263 264/264
f 232/232 264/264 233/233
f 233/233 264/264 265/265
f 233/233 265/265 234/234
f 234/234 265/265 266/266
f 234/234 266/266 235/235
f 235/235 266/266 267/267
f 235/235 267/267 236/236
f 236/236 267/267 268/268
f 236/236 268/268 237/237
f 237/237 268/268 269/269
f 237/237 269/269 238/238
f 238/238 269/269 270/270
f 238/238 270/270 239/239
f 239/239 270/270 271/271
f 239/239 271/271 240/240
f 240/240 271/271 272/272
f 240/240 272/272 241/241
f 241/241 272/272 273/273
f 241/241 273/273 242/242
f 242/242 273/273 274/274
f 242/242 274/274 243/243
f 243/243 274/274 275/275
f 243/243 275/275 244/244
f 244/244 275/275 276/276
f 244/244 276/276 245/245
f 245/245 276/276 277/277
f 245/245 277/277 246/246
f 246/246 277/277 278/278
f 246/246 278/278 247/247
f 247/247 278/278 279/279
f 247/247 279/279 248/248
f 248/248 279/279 280/280
f 248/248 280/280 249/249
f 249/249 280/280 281/281
f 249/249 281/281 250/250
f 250/250 281/281 282/282
f 250/250 282/282 251/251
f 251/251 282/282 283/283
f 251/251 283/283 252/252
f 252/252 283/283 284/284
f 252/252 284/284 253/253
f 253/253 284/284 285/285
f 253/253 285/285 254/254
f 254/254 285/285 286/286
f 254/254 286/286 255/255
f 255/255 286/286 287/287
f 255/255 287/287 256/256
f 256/256 287/287 288/288
f 256/256 288/288 225/225
f 225/225 288/288 257/257
f 257/257 289/289 258/258
f 258/258 289/289 290/290
f 258/258 290/290 259/259
f 259/259 290/290 291/291
f 259/259 291/291 260/260
f 260/260 291/291 292/292
f 260/260 292/292 261/261
f 261/261 292/292 293/293
f 261/261 293/293 262/262
f 262/262 293/293 294/294
f 262/262 294/294 263/263
f 263/263 294/294 295/295
f 263/263 295/295 264/264
f 264/264 295/295 296/296
f 264/264 296/296 265/265
f 265/265 296/296 297/297
f 265/265 297/297 266/266
f 266/266 297/297 298/298
f 266/266 298/298 267/267
f 267/267 298/298 299/299
f 267/267 299/299 268/268
f 268/268 299/299 300/300
f 268/268 300/300 269/269
f 269/269 300/300 301/301
f 269/269 301/301 270/270
f 270/270 301/301 302/302
f 270/270 302/302 271/271
f 271/271 302/302 303/303
f 271/271 303/303 272/272
f 272/272 303/303 304/304
f 272/272 304/304 273/273
f 273/273 304/304 305/305
f 273/273 305/305 274/274
f 274/274 305/305 306/306
f 274/274 306/306 275/275
f 275/275 306/306 307/307
f 275/275 307/307 276/276
f 276/276 307/307 308/308
f 276/276 308/308 277/277
f 277/277 308/308 309/309
f 277/277 309/309 278/278
f 278/278 309/309 310/310
f 278/278 310/310 279/279
f 279/279 310/310 311/311
f 279/279 311/311 280/280
f 280/280 311/311 312/312
f 280/280 312/312 281/281
f 281/281 312/312 313/313
f 281/281 313/313 282/282
f 282/282 313/313 314/314
f 282/282 314/314 283/283
f 283/283 314/314 315/315
f 283/283 315/315 284/284
f 284/284 315/315 316/316
f 284/284 316/316 285/285
f 285/285 316/316 317/317
f 285/285 317/317 286/286
f 286/286 317/317 318/318
f 286/286 318/318 287/287
f 287/287 318/318 319/319
f 287/287 319/319 288/288
f 288/288 319/319 320/320
f 288/288 320/320 257/257
f 257/257 320/320 289/289
f 289/289 321/321 290/290
f 290/290 321/321 322/322
f 290/290 322/322 291/291
f 291/291 322/322 323/323
f 291/291 323/323 292/292
f 292/292 323/323 324/324
f 292/292 324/324 293/293
f 293/293 324/324 325/325
f 293/293 325/325 294/294
f 294/294 325/325 326/326
f 294/294 326/326 295/295
f 295/295 326/326 327/327
f 295/295 327/327 296/296
f 296/296 327/327 328/328
f 296/296 328/328 297/297
f 297/297 328/328 329/329
f 297/297 329/329 298/298
f 298/298 329/329 330/330
f 298/298 330/330 299/299
f 299/299 330/330 331/331
f 299/299 331/331 300/300
f 300/300 331/331 332/332
f 300/300 332/332 301/301
f 301/301 332/332 333/333
f 301/301 333/333 302/302
f 302/302 333/333 334/334
f 302/302 334/334 303/303
f 303/303 334/334 335/335
f 303/303 335/335 304/304
f 304/304 335/335 336/336
f 304/304 336/336 305/305
f 305/305 336/336 337/337
f 305/305 337/337 306/306
f 306/306 337/337 338/338
f 306/306 338/338 307/307
f 307/307 338/338 339/339
f 307/307 339/339 308/308
f 308/308 339/339 340/340
f 308/308 340/340 309/309
f 309/309 340/340 341/341
f 309/309 341/341 310/310
f 310/310 341/341 342/342
f 310/310 342/342 311/311
f 311/311 342/342 343/343
f 311/311 343/343 312/312
f 312/312 343/343 344/344
f 312/312 344/344 313/313
f 313/313 344/344 345/345
f 313/313 345/345 314/314
f 314/314 345/345 346/346
f 314/314 346/346 315/315
f 315/315 346/346 347/347
f 315/315 347/347 316/316
f 316/316 347/347 348/348
f 316/316 348/348 317/317
f 317/317 348/348 349/349
f 317/317 349/349 318/318
f 318/318 349/349 350/350
f 318/318 350/350 319/319
f 319/319 350/350 351/351
f 319/319 351/351 320/320
f 320/320 351/351 352/352
f 320/320 352/352 289/289
f 289/289 352/352 321/321
f 321/321 353/353 322/322
f 322/322 353/353 354/354
f 322/322 354/354 323/323
f 323/323 354/354 355/355
f 323/323 355/355 324/324
f 324/324 355/355 356/356
f 324/324 356/356 325/325
f 325/325 356/356 357/357
f 325/325 357/357 326/326
f 326/326 357/357 358/358
f 326/326 358/358 327/327
f 327/327 358/358 359/359
f 327/327 359/359 328/328
f 328/328 359/359 360/360
f 328/328 360/360 329/329
f 329/329 360/360 361/361
f 329/329 361/361 330/330
f 330/330 361/361 362/362
f 330/330 362/362 331/331
f 331/331 362/362 363/363
f 331/331 363/363 332/332
f 332/332 363/363 364/364
f 332/332 364/364 333/333
f 333/333 364/364 365/365
f 333/333 365/365 334/334
f 334/334 365/365 366/366
f 334/334 366/366 335/335
f 335/335 366/366 367/367
f 335/335 367/367 336/336
f 336/336 367/367 368/368
f 336/336 368/368 337/337
f 337/337 368/368 369/369
f 337/337 369/369 338/338
f 338/338 369/369 370/370
f 338/338 370/370 339/339
f 339/339 370/370 371/371
f 339/339 371/371 340/340
f 340/340 371/371 372/372
f 340/340 372/372 341/341
f 341/341 372/372 373/373
f 341/341 373/373 342/342
f 342/342 373/373 374/374
f 342/342 374/374 343/343
f 343/343 374/374 375/375
f 343/343 375/375 344/344
f 344/344 375/375 376/376
f 344/344 376/376 345/345
f 345/345 376/376 377/377
f 345/345 377/377 346/346
f 346/346 377/377 378/378
f 346/346 378/378 347/347
f 347/347 378/378 379/379
f 347/347 379/379 348/348
f 348/348 379/379 380/380
f 348/348 380/380 349/349
f 349/349 380/380 381/381
f 349/349 381/381 350/350
f 350/350 381/381 382/382
f 350/350 382/382 351/351
f 351/351 382/382 383/383
f 351/351 383/383 352/352
f 352/352 383/383 384/384
f 352/352 384/384 321/321
f 321/321 384/384 353/353
f 353/353 385/385 354/354
f 354/354 385/385 386/386
f 354/354 386/386 355/355
f 355/355 386/386 387/387
f 355/355 387/387 356/356
f 356/356 387/387 388/388
f 356/356 388/388 357/357
f 357/357 388/388 389/389
f 357/357 389/389 358/358
f 358/358 389/389 390/390
f 358/358 390/390 359/359
f 359/359 390/390 391/391
f 359/359 391/391 360/360
f 360/360 391/391 392/392
f 360/360 392/392 361/361
f 361/361 392/392 393/393
f 361/361 393/393 362/362
f 362/362 393/393 394/394
f 362/362 394/394 363/363
f 363/363 394/394 395/395
f 363/363 395/395 364/364
f 364/364 395/395 396/396
f 364/364 396/396 365/365
f 365/365 396/396 397/397
f 365/365 397/397 366/366
f 366/366 397/397 398/398
f 366/366 398/398 367/367
f 367/367 398/398 399/399
f 367/367 399/399 368/368
f 368/368 399/399 400/400
f 368/368 400/400 369/369
f 369/369 400/400 401/401
f 369/369 401/401 370/370
f 370/370 401/401 402/402
f 370/370 402/402 371/371
f 371/371 402/402 403/403
f 371/371 403/403 372/372
f 372/372 403/403 404/404
f 372/372 404/404 373/373
f 373/373 404/404 405/405
f 373/373 405/405 374/374
f 374/374 405/405 406/406
f 374/374 406/406 375/375
f 375/375 406/406 407/407
f 375/375 407/407 376/376
f 376/376 407/407 408/408
f 376/376 408/408 377/377
f 377/377 408/408 409/409
f 377/377 409/409 378/378
f 378/378 409/409 410/410
f 378/378 410/410 379/379
f 379/379 410/410 411/411
f 379/379 411/411 380/380
f 380/380 411/411 412/412
f 380/380 412/412 381/381
f 381/381 412/412 413/413
f 381/381 413/413 382/382
f 382/382 413/413 414/414
f 382/382 414/414 383/383
f 383/383 414/414 415/415
f 383/383 415/415 384/384
f 384/384 415/415 416/416
f 384/384 416/416 353/353
f 353/353 416/416 385/385
f 385/385 417/417 386/386
f 386/386 417/417 418/418
f 386/386 418/418 387/387
f 387/387 418/418 419/419
f 387/387 419/419 388/388
f 388/388 419/419 420/420
f 388/388 420/420 389/389
f 389/389 420/420 421/421
f 389/389 421/421 390/390
f 390/390 421/421 422/422
f 390/390 422/422 391/391
f 391/391 422/422 423/423
f 391/391 423/423 392/392
f 392/392 423/423 424/424
f 392/392 424/424 393/393
f 393/393 424/424 425/425
f 393/393 425/425 394/394
f 394/394 425/425 426/426
f 394/394 426/426 395/395
f 395/395 426/426 427/427
f 395/395 427/427 396/396
f 396/396 427/427 428/428
f 396/396 428/428 397/397
f 397/397 428/428 429/429
f 397/397 429/429 398/398
f 398/398 429/429 430/430
f 398/398 430/430 399/399
f 399/399 430/430 431/431
f 399/399 431/431 400/400
f 400/400 431/431 432/432
f 400/400 432/432 401/401
f 401/401 432/432 433/433
f 401/401 433/433 402/402
f 402/402 433/433 434/434
f 402/402 434/434 403/403
f 403/403 434/434 435/435
f 403/403 435/435 404/404
f 404/404 435/435 436/436
f 404/404 436/436 405/405
f 405/405 436/436 437/437
f 405/405 437/437 406/406
f 406/406 437/437 438/438
f 406/406 438/438 407/407
f 407/407 438/438 439/439
f 407/407 439/439 408/408
f 408/408 439/439 440/440
f 408/408 440/440 409/409
f 409/409 440/440 441/441
f 409/409 441/441 410/410
f 410/410 441/441 442/442
f 410/410 442/442 411/411
f 411/411 442/442 443/443
f 411/411 443/443 412/412
f 412/412 443/443 444/444
f 412/412 444/444 413/413
f 413/413 444/444 445/445
f 413/413 445/445 414/414
f 414/414 445/445 446/446
f 414/414 446/446 415/415
f 415/415 446/446 447/447
f 415/415 447/447 416/416
f 416/416 447/447 448/448
f 416/416 448/448 385/385
f 385/385 448/448 417/417
f 417/417 449/449 418/418
f 418/418 449/449 450/450
f 418/418 450/450 419/419
f 419/419 450/450 451/451
f 419/419 451/451 420/420
f 420/420 451/451 452/452
f 420/420 452/452 421/421
f 421/421 452/452 453/453
f 421/421 453/453 422/422
f 422/422 453/453 454/454
f 422/422 454/454 423/423
f 423/423 454/454 455/455
f 423/423 455/455 424/424
f 424/424 455/455 456/456
f 424/424 456/456 425/425
f 425/425 456/456 457/457
f 425/425 457/457 426/426
f 426/426 457/457 458/458
f 426/426 458/458 427/427
f 427/427 458/458 459/459
f 427/427 459/459 428/428
f 428/428 459/459 460/460
f 428/428 460/460 429/429
f 429/429 460/460 461/461
f 429/429 461/461 430/430
f 430/430 461/461 462/462
f 430/430 462/462 431/431
f 431/431 462/462 463/463
f 431/431 463/463 432/432
f 432/432 463/463 464/464
f 432/432 464/464 433/433
f 433/433 464/464 465/465
f 433/433 465/465 434/434
f 434/434 465/465 466/466
f 434/434 466/466 435/435
f 435/435 466/466 467/467
f 435/435 467/467 436/436
f 436/436 467/467 468/468
f 436/436 468/468 437/437
f 437/437 468/468 469/469
f 437/437 469/469 438/438
f 438/438 469/469 470/470
f 438/438 470/470 439/439
f 439/439 470/470 471/471
f 439/439 471/471 440/440
f 440/440 471/471 472/472
f 440/440 472/472 441/441
f 441/441 472/472 473/473
f 441/441 473/473 442/442
f 442/442 473/473 474/474
f 442/442 474/474 443/443
f 443/443 474/474 475/475
f 443/443 475/475 444/444
f 444/444 475/475 476/476
f 444/444 476/476 445/445
f 445/445 476/476 477/477
f 445/445 477/477 446/446
f 446/446 477/477 478/478
f 446/446 478/478 447/447
f 447/447 478/478 479/479
f 447/447 479/479 448/448
f 448/448 479/479 480/480
f 448/448 480/480 417/417
f 417/417 480/480 449/449
f 449/449 481/481 450/450
f 450/450 481/481 482/482
f 450/450 482/482 451/451
f 451/451 482/482 483/483
f 451/451 483/483 452/452
f 452/452 483/483 484/484
f 452/452 484/484 453/453
f 453/453 484/484 485/485
f 453/453 485/485 454/454
f 454/454 485/485 486/486
f 454/454 486/486 455/455
f 455/455 486/486 487/487
f 455/455 487/487 456/456
f 456/456 487/487 488/488
f 456/456 488/488 457/457
f 457/457 488/488 489/489
f 457/457 489/489 458/458
f 458/458 489/489 490/490
f 458/458 490/490 459/459
f 459/459 490/490 491/491
f 459/459 491/491 460/460
f 460/460 491/491 492/492
f 460/460 492/492 461/461
f 461/461 492/492 493/493
f 461/461 493/493 462/462
f 462/462 493/493 494/494
f 462/462 494/494 463/463
f 463/463 494/494 495/495
f 463/463 495/495 464/464
f 464/464 495/495 496/496
f 464/464 496/496 465/465
f 465/465 496/496 497/497
f 465/465 497/497 466/466
f 466/466 497/497 498/498
f 466/466 498/498 467/467
f 467/467 498/498 499/499
f 467/467 499/499 468/468
f 468/468 499/499 500/500
f 468/468 500/500 469/469
f 469/469 500/500 501/501
f 469/469 501/501 470/470
f 470/470 501/501 502/502
f 470/470 502/502 471/471
f 471/471 502/502 503/503
f 471/471 503/503 472/472
f 472/472 503/503 504/504
f 472/472 504/504 473/473
f 473/473 504/504 505/505
f 473/473 505/505 474/474
f 474/474 505/505 506/506
f 474/474 506/506 475/475
f 475/475 506/506 507/507
f 475/475 507/507 476/476
f 476/476 507/507 508/508
f 476/476 508/508 477/477
f 477/477 508/508 509/509
f 477/477 509/509 478/478
f 478/478 509/509 510/510
f 478/478 510/510 479/479
f 479/479 510/510 511/511
f 479/479 511/511 480/480
f 480/480 511/511 512/512
f 480/480 512/512 449/449
f 449/449 512/512 481/481
f 481/481 513/513 482/482
f 482/482 513/513 514/514
f 482/482 514/514 483/483
f 483/483 514/514 515/515
f 483/483 515/515 484/484
f 484/484 515/515 516/516
f 484/484 516/516 485/485
f 485/485 516/516 517/517
f 485/485 517/517 486/486
f 486/486 517/517 518/518
f 486/486 518/518 487/487
f 487/487 518/518 519/519
f 487/487 519/519 488/488
f 488/488 519/519 520/520
f 488/488 520/520 489/489
f 489/489 520/520 521/521
f 489/489 521/521 490/490
f 490/490 521/521 522/522
f 490/490 522/522 491/491
f 491/491 522/522 523/523
f 491/491 523/523 492/492
f 492/492 523/523 524/524
f 492/492 524/524 493/493
f 493/493 524/524 525/525
f 493/493 525/525 494/494
f 494/494 525/525 526/526
f 494/494 526/526 495/495
f 495/495 526/526 527/527
f 495/495 527/527 496/496
f 496/496 527/527 528/528
f 496/496 528/528 497/497
f 497/497 528/528 529/529
f 497/497 529/529 498/498
f 498/498 529/529 530/530
f 498/498 530/530 499/499
f 499/499 530/530 531/531
f 499/499 531/531 500/500
f 500/500 531/531 532/532
f 500/500 532/532 501/501
f 501/501 532/532 533/533
f 501/501 533/533 502/502
f 502/502 533/533 534/534
f 502/502 534/534 503/503
f 503/503 534/534 535/535
f 503/503 535/535 504/504
f 504/504 535/535 536/536
f 504/504 536/536 505/505
f 505/505 536/536 537/537
f 505/505 537/537 506/506
f 506/506 537/537 538/538
f 506/506 538/538 507/507
f 507/507 538/538 539/539
f 507/507 539/539 508/508
f 508/508 539/539 540/540
f 508/508 540/540 509/509
f 509/509 540/540 541/541
f 509/509 541/541 510/510
f 510/510 541/541 542/542
f 510/510 542/542 511/511
f 511/511 542/542 543/543
f 511/511 543/543 512/512
f 512/512 543/543 544/544
f 512/512 544/544 481/481
f 481/481 544/544 513/513
f 513/513 545/545 514/514
f 514/514 545/545 546/546
f 514/514 546/546 515/515
f 515/515 546/546 547/547
f 515/515 547/547 516/516
f 516/516 547/547 548/548
f 516/516 548/548 517/517
f 517/517 548/548 549/549
f 517/517 549/549 518/518
f 518/518 549/549 550/550
f 518/518 550/550 519/519
f 519/519 550/550 551/551
f 519/519 551/551 520/520
f 520/520 551/551 552/552
f 520/520 552/552 521/521
f 521/521 552/552 553/553
f 521/521 553/553 522/522
f 522/522 553/553 554/554
f 522/522 554/554 523/523
f 523/523 554/554 555/555
f 523/523 555/555 524/524
f 524/524 555/555 556/556
f 524/524 556/556 525/525
f 525/525 556/556 557/557
f 525/525 557/557 526/526
f 526/526 557/557 558/558
f 526/526 558/558 527/527
f 527/527 558/558 559/559
f 527/527 559/559 528/528
f 528/528 559/559 560/560
f 528/528 560/560 529/529
f 529/529 560/560 561/561
f 529/529 561/561 530/530
f 530/530 561/561 562/562
f 530/530 562/562 531/531
f 531/531 562/562 563/563
f 531/531 563/563 532/532
f 532/532 563/563 564/564
f 532/532 564/564 533/533
f 533/533 564/564 565/565
f 533/533 565/565 534/534
f 534/534 565/565 566/566
f 534/534 566/566 535/535
f 535/535 566/566 567/567
f 535/535 567/567 536/536
f 536/536 567/567 568/568
f 536/536 568/568 537/537
f 537/537 568/568 569/569
f 537/537 569/569 538/538
f 538/538 569/569 570/570
f 538/538 570/570 539/539
f 539/539 570/570 571/571
f 539/539 571/571 540/540
f 540/540 571/571 572/572
f 540/540 572/572 541/541
f 541/541 572/572 573/573
f 541/541 573/573 542/542
f 542/542 573/573 574/574
f 542/542 574/574 543/543
f 543/543 574/574 575/575
f 543/543 575/575 544/544
f 544/544 575/575 576/576
f 544/544 576/576 513/513
f 513/513 576/576 545/545
f 545/545 577/577 546/546
f 546/546 577/577 578/578
f 546/546 578/578 547/547
f 547/547 578/578 579/579
f 547/547 579/579 548/548
f 548/548 579/579 580/580
f 548/548 580/580 549/549
f 549/549 580/580 581/581
f 549/549 581/581 550/550
f 550/550 581/581 582/582
f 550/550 582/582 551/551
f 551/551 582/582 583/583
f 551/551 583/583 552/552
f 552/552 583/583 584/584
f 552/552 584/584 553/553
f 553/553 584/584 585/585
f 553/553 585/585 554/554
f 554/554 585/585 586/586
f 554/554 586/586 555/555
f 555/555 586/586 587/587
f 555/555 587/587 556/556
f 556/556 587/587 588/588
f 556/556 588/588 557/557
f 557/557 588/588 589/589
f 557/557 589/589 558/558
f 558/558 589/589 590/590
f 558/558 590/590 559/559
f 559/559 590/590 591/591
f 559/559 591/591 560/560
f 560/560 591/591 592/592
f 560/560 592/592 561/561
f 561/561 592/592 593/593
f 561/561 593/593 562/562
f 562/562 593/593 594/594
f 562/562 594/594 563/563
f 563/563 594/594 595/595
f 563/563 595/595 564/564
f 564/564 595/595 596/596
f 564/564 596/596 565/565
f 565/565 596/596 597/597
f 565/565 597/597 566/566
f 566/566 597/597 598/598
f 566/566 598/598 567/567
f 567/567 598/598 599/599
f 567/567 599/599 568/568
f 568/568 599/599 600/600
f 568/568 600/600 569/569
f 569/569 600/600 601/601
f 569/569 601/601 570/570
f 570/570 601/601 602/602
f 570/570 602/602 571/571
f 571/571 602/602 603/603
f 571/571 603/603 572/572
f 572/572 603/603 604/604
f 572/572 604/604 573/573
f 573/573 604/604 605/605
f 573/573 605/605 574/574
f 574/574 605/605 606/606
f 574/574 606/606 575/575
f 575/575 606/606 607/607
f 575/575 607/607 576/576
f 576/576 607/607 608/608
f 576/576 608/608 545/545
f 545/545 608/608 577/577
f 577/577 609/609 578/578
f 578/578 609/609 610/610
f 578/578 610/610 579/579
f 579/579 610/610 611/611
f 579/579 611/611 580/580
f 580/580 611/611 612/612
f 580/580 612/612 581/581
f 581/581 612/612 613/613
f 581/581 613/613 582/582
f 582/582 613/613 614/614
f 582/582 614/614 583/583
f 583/583 614/614 615/615
f 583/583 615/615 584/584
f 584/584 615/615 616/616
f 584/584 616/616 585/585
f 585/585 616/616 617/617
f 585/585 617/617 586/586
f 586/586 617/617 618/618
f 586/586 618/618 587/587
f 587/587 618/618 619/619
f 587/587 619/619 588/588
f 588/588 619/619 620/620
f 588/588 620/620 589/589
f 589/589 620/620 621/621
f 589/589 621/621 590/590
f 590/590 621/621 622/622
f 590/590 622/622 591/591
f 591/591 622/622 623/623
f 591/591 623/623 592/592
f 592/592 623/623 624/624
f 592/592 624/624 593/593
f 593/593 624/624 625/625
f 593/593 625/625 594/594
f 594/594 625/625 626/626
f 594/594 626/626 595/595
f 595/595 626/626 627/627
f 595/595 627/627 596/596
f 596/596 627/627 628/628
f 596/596 628/628 597/597
f 597/597 628/628 629/629
f 597/597 629/629 598/598
f 598/598 629/629 630/630
f 598/598 630/630 599/599
f 599/599 630/630 631/631
f 599/599 631/631 600/600
f 600/600 631/631 632/632
f 600/600 632/632 601/601
f 601/601 632/632 633/633
f 601/601 633/633 602/602
f 602/602 633/633 634/634
f 602/602 634/634 603/603
f 603/603 634/634 635/635
f 603/603 635/635 604/604
f 604/604 635/635 636/636
f 604/604 636/636 605/605
f 605/605 636/636 637/637
f 605/605 637/637 606/606
f 606/606 637/637 638/638
f 606/606 638/638 607/607
f 607/607 638/638 639/639
f 607/607 639/639 608/608
f 608/608 639/639 640/640
f 608/608 640/640 577/577
f 577/577 640/640 609/609
f 609/609 641/641 610/610
f 610/610 641/641 642/642
f 610/610 642/642 611/611
f 611/611 642/642 643/643
f 611/611 643/643 612/612
f 612/612 643/643 644/644
f 612/612 644/644 613/613
f 613/613 644/644 645/645
f 613/613 645/645 614/614
f 614/614 645/645 646/646
f 614/614 646/646 615/615
f 615/615 646/646 647/647
f 615/615 647/647 616/616
f 616/616 647/647 648/648
f 616/616 648/648 617/617
f 617/617 648/648 649/649
f 617/617 649/649 618/618
f 618/618 649/649 650/650
f 618/618 650/650 619/619
f 619/619 650/650 651/651
f 619/619 651/651 620/620
f 620/620 651/651 652/652
f 620/620 652/652 621/621
f 621/621 652/652 653/653
f 621/621 653/653 622/622
f 622/622 653/653 654/654
f 622/622 654/654 623/623
f 623/623 654/654 655/655
f 623/623 655/655 624/624
f 624/624 655/655 656/656
f 624/624 656/656 625/625
f 625/625 656/656 657/657
f 625/625 657/657 626/626
f 626/626 657/657 658/658
f 626/626 658/658 627/627
f 627/627 658/658 659/659
f 627/627 659/659 628/628
f 628/628 659/659 660/660
f 628/628 660/660 629/629
f 629/629 660/660 661/661
f 629/629 661/661 630/630
f 630/630 661/661 662/662
f 630/630 662/662 631/631
f 631/631 662/662 663/663
f 631/631 663/663 632/632
f 632/632 663/663 664/664
f 632/632 664/664 633/633
f 633/633 664/664 665/665
f 633/633 665/665 634/634
f 634/634 665/665 666/666
f 634/634 666/666 635/635
f 635/635 666/666 667/667
f 635/635 667/667 636/636
f 636/636 667/667 668/668
f 636/636 668/668 637/637
f 637/637 668/668 669/669
f 637/637 669/669 638/638
f 638/638 669/669 670/670
f 638/638 670/670 639/639
f 639/639 670/670 671/671
f 639/639 671/671 640/640
f 640/640 671/671 672/672
f 640/640 672/672 609/609
f 609/609 672/672 641/641
f 641/641 673/673 642/642
f 642/642 673/673 674/674
f 642/642 674/674 643/643
f 643/643 674/674 675/675
f 643/643 675/675 644/644
f 644/644 675/675 676/676
f 644/644 676/676 645/645
f 645/645 676/676 677/677
f 645/645 677/677 646/646
f 646/646 677/677 678/678
f 646/646 678/678 647/647
f 647/647 678/678 679/679
f 647/647 679/679 648/648
f 648/648 679/679 680/680
f 648/648 680/680 649/649
f 649/649 680/680 681/681
f 649/649 681/681 650/650
f 650/650 681/681 682/682
f 650/650 682/682 651/651
f 651/651 682/682 683/683
f 651/651 683/683 652/652
f 652/652 683/683 684/684
f 652/652 684/684 653/653
f 653/653 684/684 685/685
f 653/653 685/685 654/654
f 654/654 685/685 686/686
f 654/654 686/686 655/655
f 655/655 686/686 687/687
f 655/655 687/687 656/656
f 656/656 687/687 688/688
f 656/656 688/688 657/657
f 657/657 688/688 689/689
f 657/657 689/689 658/658
f 658/658 689/689 690/690
f 658/658 690/690 659/659
f 659/659 690/690 691/691
f 659/659 691/691 660/660
f 660/660 691/691 692/692
f 660/660 692/692 661/661
f 661/661 692/692 693/693
f 661/661 693/693 662/662
f 662/662 693/693 694/694
f 662/662 694/694 663/663
f 663/663 694/694 695/695
f 663/663 695/695 664/664
f 664/664 695/695 696/696
f 664/664 696/696 665/665
f 665/665 696/696 697/697
f 665/665 697/697 666/666
f 666/666 697/697 698/698
f 666/666 698/698 667/667
f 667/667 698/698 699/699
f 667/667 699/699 668/668
f 668/668 699/699 700/700
f 668/668 700/700 669/669
f 669/669 700/700 701/701
f 669/669 701/701 670/670
f 670/670 701/701 702/702
f 670/670 702/702 671/671
f 671/671 702/702 703/703
f 671/671 703/703 672/672
f 672/672 703/703 704/704
f 672/672 704/704 641/641
f 641/641 704/704 673/673
f 673/673 705/705 674/674
f 674/674 705/705 706/706
f 674/674 706/706 675/675
f 675/675 706/706 707/707
f 675/675 707/707 676/676
f 676/676 707/707 708/708
f 676/676 708/708 677/677
f 677/677 708/708 709/709
f 677/677 709/709 678/678
f 678/678 709/709 710/710
f 678/678 710/710 679/679
f 679/679 710/710 711/711
f 679/679 711/711 680/680
f 680/680 711/711 712/712
f 680/680 712/712 681/681
f 681/681 712/712 713/713
f 681/681 713/713 682/682
f 682/682 713/713 714/714
f 682/682 714/714 683/683
f 683/683 714/714 715/715
f 683/683 715/715 684/684
f 684/684 715/715 716/716
f 684/684 716/716 685/685
f 685/685 716/716 717/717
f 685/685 717/717 686/686
f 686/686 717/717 718/718
f 686/686 718/718 687/687
f 687/687 718/718 719/719
f 687/687 719/719 688/688
f 688/688 719/719 720/720
f 688/688 720/720 689/689
f 689/689 720/720 721/721
f 689/689 721/721 690/690
f 690/690 721/721 722/722
f 690/690 722/722 691/691
f 691/691 722/722 723/723
f 691/691 723/723 692/692
f 692/692 723/723 724/724
f 692/692 724/724 693/693
f 693/693 724/724 725/725
f 693/693 725/725 694/694
f 694/694 725/725 726/726
f 694/694 726/726 695/695
f 695/695 726/726 727/727
f 695/695 727/727 696/696
f 696/696 727/727 728/728
f 696/696 728/728 697/697
f 697/697 728/728 729/729
f 697/697 729/729 698/698
f 698/698 729/729 730/730
f 698/698 730/730 699/699
f 699/699 730/730 731/731
f 699/699 731/731 700/700
f 700/700 731/731 732/732
f 700/700 732/732 701/701
f 701/701 732/732 733/733
f 701/701 733/733 702/702
f 702/702 733/733 734/734
f 702/702 734/734 703/703
f 703/703 734/734 735/735
f 703/703 735/735 704/704
f 704/704 735/735 736/736
f 704/704 736/736 673/673
f 673/673 736/736 705/705
f 705/705 737/737 706/706
f 706/706 737/737 738/738
f 706/706 738/738 707/707
f 707/707 738/738 739/739
f 707/707 739/739 708/708
f 708/708 739/739 740/740
f 708/708 740/740 709/709
f 709/709 740/740 741/741
f 709/709 741/741 710/710
f 710/710 741/741 742/742
f 710/710 742/742 711/711
f 711/711 742/742 743/743
f 711/711 743/743 712/712
f 712/712 743/743 744/744
f 712/712 744/744 713/713
f 713/713 744/744 745/745
f 713/713 745/745 714/714
f 714/714 745/745 746/746
f 714/714 746/746 715/715
f 715/715 746/746 747/747
f 715/715 747/747 716/716
f 716/716 747/747 748/748
f 716/716 748/748 717/717
f 717/717 748/748 749/749
f 717/717 749/749 718/718
f 718/718 749/749 750/750
f 718/718 750/750 719/719
f 719/719 750/750 751/751
f 719/719 751/751 720/720
f 720/720 751/751 752/752
f 720/720 752/752 721/721
f 721/721 752/752 753/753
f 721/721 753/753 722/722
f 722/722 753/753 754/754
f 722/722 754/754 723/723
f 723/723 754/754 755/755
f 723/723 755/755 724/724
f 724/724 755/755 756/756
f 724/724 756/756 725/725
f 725/725 756/756 757/757
f 725/725 757/757 726/726
f 726/726 757/757 758/758
f 726/726 758/758 727/727
f 727/727 758/758 759/759
f 727/727 759/759 728/728
f 728/728 759/759 760/760
f 728/728 760/760 729/729
f 729/729 760/760 761/761
f 729/729 761/761 730/730
f 730/730 761/761 762/762
f 730/730 762/762 731/731
f 731/731 762/762 763/763
f 731/731 763/763 732/732
f 732/732 763/763 764/764
f 732/732 764/764 733/733
f 733/733 764/764 765/765
f 733/733 765/765 734/734
f 734/734 765/765 766/766
f 734/734 766/766 735/735
f 735/735 766/766 767/767
f 735/735 767/767 736/736
f 736/736 767/767 768/768
f 736/736 768/768 705/705
f 705/705 768/768 737/737
f 737/737 769/769 738/738
f 738/738 769/769 770/770
f 738/738 770/770 739/739
f 739/739 770/770 771/771
f 739/739 771/771 740/740
f 740/740 771/771 772/772
f 740/740 772/772 741/741
f 741/741 772/772 773/773
f 741/741 773/773 742/742
f 742/742 773/773 774/774
f 742/742 774/774 743/743
f 743/743 774/774 775/775
f 743/743 775/775 744/744
f 744/744 775/775 776/776
f 744/744 776/776 745/745
f 745/745 776/776 777/777
f 745/745 777/777 746/746
f 746/746 777/777 778/778
f 746/746 778/778 747/747
f 747/747 778/778 779/779
f 747/747 779/779 748/748
f 748/748 779/779 780/780
f 748/748 780/780 749/749
f 749/749 780/780 781/781
f 749/749 781/781 750/750
f 750/750 781/781 782/782
f 750/750 782/782 751/751
f 751/751 782/782 783/783
f 751/751 783/783 752/752
f 752/752 783/783 784/784
f 752/752 784/784 753/753
f 753/753 784/784 785/785
f 753/753 785/785 754/754
f 754/754 785/785 786/786
f 754/754 786/786 755/755
f 755/755 786/786 787/787
f 755/755 787/787 756/756
f 756/756 787/787 788/788
f 756/756 788/788 757/757
f 757/757 788/788 789/789
f 757/757 789/789 758/758
f 758/758 789/789 790/790
f 758/758 790/790 759/759
f 759/759 790/790 791/791
f 759/759 791/791 760/760
f 760/760 791/791 792/792
f 760/760 792/792 761/761
f 761/761 792/792 793/793
f 761/761 793/793 762/762
f 762/762 793/793 794/794
f 762/762 794/794 763/763
f 763/763 794/794 795/795
f 763/763 795/795 764/764
f 764/764 795/795 796/796
f 764/764 796/796 765/765
f 765/765 796/796 797/797
f 765/765 797/797 766/766
f 766/766 797/797 798/798
f 766/766 798/798 767/767
f 767/767 798/798 799/799
f 767/767 799/799 768/768
f 768/768 799/799 800/800
f 768/768 800/800 737/737
f 737/737 800/800 769/769
f 769/769 801/801 770/770
f 770/770 801/801 802/802
f 770/770 802/802 771/771
f 771/771 802/802 803/803
f 771/771 803/803 772/772
f 772/772 803/803 804/804
f 772/772 804/804 773/773
f 773/773 804/804 805/805
f 773/773 805/805 774/774
f 774/774 805/805 806/806
f 774/774 806/806 775/775
f 775/775 806/806 807/807
f 775/775 807/807 776/776
f 776/776 807/807 808/808
f 776/776 808/808 777/777
f 777/777 808/808 809/809
f 777/777 809/809 778/778
f 778/778 809/809 810/810
f 778/778 810/810 779/779
f 779/779 810/810 811/811
f 779/779 811/811 780/780
f 780/780 811/811 812/812
f 780/780 812/812 781/781
f 781/781 812/812 813/813
f 781/781 813/813 782/782
f 782/782 813/813 814/814
f 782/782 814/814 783/783
f 783/783 814/814 815/815
f 783/783 815/815 784/784
f 784/784 815/815 816/816
f 784/784 816/816 785/785
f 785/785 816/816 817/817
f 785/785 817/817 786/786
f 786/786 817/817 818/818
f 786/786 818/818 787/787
f 787/787 818/818 819/819
f 787/787 819/819 788/788
f 788/788 819/819 820/820
f 788/788 820/820 789/789
f 789/789 820/820 821/821
f 789/789 821/821 790/790
f 790/790 821/821 822/822
f 790/790 822/822 791/791
f 791/791 822/822 823/823
f 791/791 823/823 792/792
f 792/792 823/823 824/824
f 792/792 824/824 793/793
f 793/793 824/824 825/825
f 793/793 825/825 794/794
f 794/794 825/825 826/826
f 794/794 826/826 795/795
f 795/795 826/826 827/827
f 795/795 827/827 796/796
f 796/796 827/827 828/828
f 796/796 828/828 797/797
f 797/797 828/828 829/829
f 797/797 829/829 798/798
f 798/798 829/829 830/830
f 798/798 830/830 799/799
f 799/799 830/830 831/831
f 799/799 831/831 800/800
f 800/800 831/831 832/832
f 800/800 832/832 769/769
f 769/769 832/832 801/801
f 801/801 833/833 802/802
f 802/802 833/833 834/834
f 802/802 834/834 803/803
f 803/803 834/834 835/835
f 803/803 835/835 804/804
f 804/804 835/835 836/836
f 804/804 836/836 805/805
f 805/805 836/836 837/837
f 805/805 837/837 806/806
f 806/806 837/837 838/838
f 806/806 838/838 807/807
f 807/807 838/838 839/839
f 807/807 839/839 808/808
f 808/808 839/839 840/840
f 808/808 840/840 809/809
f 809/809 840/840 841/841
f 809/809 841/841 810/810
f 810/810 841/841 842/842
f 810/810 842/842 811/811
f 811/811 842/842 843/843
f 811/811 843/843 812/812
f 812/812 843/843 844/844
f 812/812 844/844 813/813
f 813/813 844/844 845/845
f 813/813 845/845 814/814
f 814/814 845/845 846/846
f 814/814 846/846 815/815
f 815/815 846/846 847/847
f 815/815 847/847 816/816
f 816/816 847/847 848/848
f 816/816 848/848 817/817
f 817/817 848/848 849/849
f 817/817 849/849 818/818
f 818/818 849/849 850/850
f 818/818 850/850 819/819
f 819/819 850/850 851/851
f 819/819 851/851 820/820
f 820/820 851/851 852/852
f 820/820 852/852 821/821
f 821/821 852/852 853/853
f 821/821 853/853 822/822
f 822/822 853/853 854/854
f 822/822 854/854 823/823
f 823/823 854/854 855/855
f 823/823 855/855 824/824
f 824/824 855/855 856/856
f 824/824 856/856 825/825
f 825/825 856/856 857/857
f 825/825 857/857 826/826
f 826/826 857/857 858/858
f 826/826 858/858 827/827
f 827/827 858/858 859/859
f 827/827 859/859 828/828
f 828/828 859/859 860/860
f 828/828 860/860 829/829
f 829/829 860/860 861/861
f 829/829 861/861 830/830
f 830/830 861/861 862/862
f 830/830 862/862 831/831
f 831/831 862/862 863/863
f 831/831 863/863 832/832
f 832/832 863/863 864/864
f 832/832 864/864 801/801
f 801/801 864/864 833/833
f 833/833 865/865 834/834
f 834/834 865/865 866/866
f 834/834 866/866 835/835
f 835/835 866/866 867/867
f 835/835 867/867 836/836
f 836/836 867/867 868/868
f 836/836 868/868 837/837
f 837/837 868/868 869/869
f 837/837 869/869 838/838
f 838/838 869/869 870/870
f 838/838 870/870 839/839
f 839/839 870/870 871/871
f 839/839 871/871 840/840
f 840/840 871/871 872/872
f 840/840 872/872 841/841
f 841/841 872/872 873/873
f 841/841 873/873 842/842
f 842/842 873/873 874/874
f 842/842 874/874 843/843
f 843/843 874/874 875/875
f 843/843 875/875 844/844
f 844/844 875/875 876/876
f 844/844 876/876 845/845
f 845/845 876/876 877/877
f 845/845 877/877 846/846
f 846/846 877/877 878/878
f 846/846 878/878 847/847
f 847/847 878/878 879/879
f 847/847 879/879 848/848
f 848/848 879/879 880/880
f 848/848 880/880 849/849
f 849/849 880/880 881/881
f 849/849 881/881 850/850
f 850/850 881/881 882/882
f 850/850 882/882 851/851
f 851/851 882/882 883/883
f 851/851 883/883 852/852
f 852/852 883/883 884/884
f 852/852 884/884 853/853
f 853/853 884/884 885/885
f 853/853 885/885 854/854
f 854/854 885/885 886/886
f 854/854 886/886 855/855
f 855/855 886/886 887/887
f 855/855 887/887 856/856
f 856/856 887/887 888/888
f 856/856 888/888 857/857
f 857/857 888/888 889/889
f 857/857 889/889 858/858
f 858/858 889/889 890/890
f 858/858 890/890 859/859
f 859/859 890/890 891/891
f 859/859 891/891 860/860
f 860/860 891/891 892/892
f 860/860 892/892 861/861
f 861/861 892/892 893/893
f 861/861 893/893 862/862
f 862/862 893/893 894/894
f 862/862 894/894 863/863
f 863/863 894/894 895/895
f 863/863 895/895 864/864
f 864/864 895/895 896/896
f 864/864 896/896 833/833
f 833/833 896/896 865/865
f 865/865 897/897 866/866
f 866/866 897/897 898/898
f 866/866 898/898 867/867
f 867/867 898/898 899/899
f 867/867 899/899 868/868
f 868/868 899/899 900/900
f 868/868 900/900 869/869
f 869/869 900/900 901/901
f 869/869 901/901 870/870
f 870/870 901/901 902/902
f 870/870 902/902 871/871
f 871/871 902/902 903/903
f 871/871 903/903 872/872
f 872/872 903/903 904/904
f 872/872 904/904 873/873
f 873/873 904/904 905/905
f 873/873 905/905 874/874
f 874/874 905/905 906/906
f 874/874 906/906 875/875
f 875/875 906/906 907/907
f 875/875 907/907 876/876
f 876/876 907/907 908/908
f 876/876 908/908 877/877
f 877/877 908/908 909/909
f 877/877 909/909 878/878
f 878/878 909/909 910/910
f 878/878 910/910 879/879
f 879/879 910/910 911/911
f 879/879 911/911 880/880
f 880/880 911/911 912/912
f 880/880 912/912 881/881
f 881/881 912/912 913/913
f 881/881 913/913 882/882
f 882/882 913/913 914/914
f 882/882 914/914 883/883
f 883/883 914/914 915/915
f 883/883 915/915 884/884
f 884/884 915/915 916/916
f 884/884 916/916 885/885
f 885/885 916/916 917/917
f 885/885 917/917 886/886
f 886/886 917/917 918/918
f 886/886 918/918 887/887
f 887/887 918/918 919/919
f 887/887 919/919 888/888
f 888/888 919/919 920/920
f 888/888 920/920 889/889
f 889/889 920/920 921/921
f 889/889 921/921 890/890
f 890/890 921/921 922/922
f 890/890 922/922 891/891
f 891/891 922/922 923/923
f 891/891 923/923 892/892
f 892/892 923/923 924/924
f 892/892 924/924 893/893
f 893/893 924/924 925/925
f 893/893 925/925 894/894
f 894/894 925/925 926/926
f 894/894 926/926 895/895
f 895/895 926/926 927/927
f 895/895 927/927 896/896
f 896/896 927/927 928/928
f 896/896 928/928 865/865
f 865/865 928/928 897/897
f 897/897 929/929 898/898
f 898/898 929/929 930/930
f 898/898 930/930 899/899
f 899/899 930/930 931/931
f 899/899 931/931 900/900
f 900/900 931/931 932/932
f 900/900 932/932 901/901
f 901/901 932/932 933/933
f 901/901 933/933 902/902
f 902/902 933/933 934/934
f 902/902 934/934 903/903
f 903/903 934/934 935/935
f 903/903 935/935 904/904
f 904/904 935/935 936/936
f 904/904 936/936 905/905
f 905/905 936/936 937/937
f 905/905 937/937 906/906
f 906/906 937/937 938/938
f 906/906 938/938 907/907
f 907/907 938/938 939/939
f 907/907 939/939 908/908
f 908/908 939/939 940/940
f 908/908 940/940 909/909
f 909/909 940/940 941/941
f 909/909 941/941 910/910
f 910/910 941/941 942/942
f 910/910 942/942 911/911
f 911/911 942/942 943/943
f 911/911 943/943 912/912
f 912/912 943/943 944/944
f 912/912 944/944 913/913
f 913/913 944/944 945/945
f 913/913 945/945 914/914
f 914/914 945/945 946/946
f 914/914 946/946 915/915
f 915/915 946/946 947/947
f 915/915 947/947 916/916
f 916/916 947/947 948/948
f 916/916 948/948 917/917
f 917/917 948/948 949/949
f 917/917 949/949 918/918
f 918/918 949/949 950/950
f 918/918 950/950 919/919
f 919/919 950/950 951/951
f 919/919 951/951 920/920
f 920/920 951/951 952/952
f 920/920 952/952 921/921
f 921/921 952/952 953/953
f 921/921 953/953 922/922
f 922/922 953/953 954/954
f 922/922 954/954 923/923
f 923/923 954/954 955/955
f 923/923 955/955 924/924
f 924/924 955/955 956/956
f 924/924 956/956 925/925
f 925/925 956/956 957/957
f 925/925 957/957 926/926
f 926/926 957/957 958/958
f 926/926 958/958 927/927
f 927/927 958/958 959/959
f 927/927 959/959 928/928
f 928/928 959/959 960/960
f 928/928 960/960 897/897
f 897/897 960/960 929/929
f 929/929 961/961 930/930
f 930/930 961/961 962/962
f 930/930 962/962 931/931
f 931/931 962/962 963/963
f 931/931 963/963 932/932
f 932/932 963/963 964/964
f 932/932 964/964 933/933
f 933/933 964/964 965/965
f 933/933 965/965 934/934
f 934/934 965/965 966/966
f 934/934 966/966 935/935
f 935/935 966/966 967/967
f 935/935 967/967 936/936
f 936/936 967/967 968/968
f 936/936 968/968 937/937
f 937/937 968/968 969/969
f 937/937 969/969 938/938
f 938/938 969/969 970/970
f 938/938 970/970 939/939
f 939/939 970/970 971/971
f 939/939 971/971 940/940
f 940/940 971/971 972/972
f 940/940 972/972 941/941
f 941/941 972/972 973/973
f 941/941 973/973 942/942
f 942/942 973/973 974/974
f 942/942 974/974 943/943
f 943/943 974/974 975/975
f 943/943 975/975 944/944
f 944/944 975/975 976/976
f 944/944 976/976 945/945
f 945/945 976/976 977/977
f 945/945 977/977 946/946
f 946/946 977/977 978/978
f 946/946 978/978 947/947
f 947/947 978/978 979/979
f 947/947 979/979 948/948
f 948/948 979/979 980/980
f 948/948 980/980 949/949
f 949/949 980/980 981/981
f 949/949 981/981 950/950
f 950/950 981/981 982/982
f 950/950 982/982 951/951
f 951/951 982/982 983/983
f 951/951 983/983 952/952
f 952/952 983/983 984/984
f 952/952 984/984 953/953
f 953/953 984/984 985/985
f 953/953 985/985 954/954
f 954/954 985/985 986/986
f 954/954 986/986 955/955
f 955/955 986/986 987/987
f 955/955 987/987 956/956
f 956/956 987/987 988/988
f 956/956 988/988 957/957
f 957/957 988/988 989/989
f 957/957 989/989 958/958
f 958/958 989/989 990/990
f 958/958 990/990 959/959
f 959/959 990/990 991/991
f 959/959 991/991 960/960
f 960/960 991/991 992/992
f 960/960 992/992 929/929
f 929/929 992/992 961/961
f 961/961 993/993 962/962
f 962/962 993/993 994/994
f 962/962 994/994 963/963
f 963/963 994/994 995/995
f 963/963 995/995 964/964
f 964/964 995/995 996/996
f 964/964 996/996 965/965
f 965/965 996/996 997/997
f 965/965 997/997 966/966
f 966/966 997/997 998/998
f 966/966 998/998 967/967
f 967/967 998/998 999/999
f 967/967 999/999 968/968
f 968/968 999/999 1000/1000
f 968/968 1000/1000 969/969
f 969/969 1000/1000 1001/1001
f 969/969 1001/1001 970/970
f 970/970 1001/1001 1002/1002
f 970/970 1002/1002 971/971
f 971/971 1002/1002 1003/1003
f 971/971 1003/1003 972/972
f 972/972 1003/1003 1004/1004
f 972/972 1004/1004 973/973
f 973/973 1004/1004 1005/1005
f 973/973 1005/1005 974/974
f 974/974 1005/1005 1006/1006
f 974/974 1006/1006 975/975
f 975/975 1006/1006 1007/1007
f 975/975 1007/1007 976/976
f 976/976 1007/1007 1008/1008
f 976/976 1008/1008 977/977
f 977/977 1008/1008 1009/1009
f 977/977 1009/1009 978/978
f 978/978 1009/1009 1010/1010
f 978/978 1010/1010 979/979
f 979/979 1010/1010 1011/1011
f 979/979 1011/1011 980/980
f 980/980 1011/1011 1012/1012
f 980/980 1012/1012 981/981
f 981/981 1012/1012 1013/1013
f 981/981 1013/1013 982/982
f 982/982 1013/1013 1014/1014
f 982/982 1014/1014 983/983
f 983/983 1014/1014 1015/1015
f 983/983 1015/1015 984/984
f 984/984 1015/1015 1016/1016
f 984/984 1016/1016 985/985
f 985/985 1016/1016 1017/1017
f 985/985 1017/1017 986/986
f 986/986 1017/1017 1018/1018
f 986/986 1018/1018 987/987
f 987/987 1018/1018 1019/1019
f 987/987 1019/1019 988/988
f 988/988 1019/1019 1020/1020
f 988/988 1020/1020 989/989
f 989/989 1020/1020 1021/1021
f 989/989 1021/1021 990/990
f 990/990 1021/1021 1022/1022
f 990/990 1022/1022 991/991
f 991/991 1022/1022 1023/1023
f 991/991 1023/1023 992/992
f 992/992 1023/1023 1024/1024
f 992/992 1024/1024 961/961
f 961/961 1024/1024 993/993
f 993/993 1/1 994/994
f 994/994 1/1 2/2
f 994/994 2/2 995/995
f 995/995 2/2 3/3
f 995/995 3/3 996/996
f 996/996 3/3 4/4
f 996/996 4/4 997/997
f 997/997 4/4 5/5
f 997/997 5/5 998/998
f 998/998 5/5 6/6
f 998/998 6/6 999/999
f 999/999 6/6 7/7
f 999/999 7/7 1000/1000
f 1000/1000 7/7 8/8
f 1000/1000 8/8 1001/1001
f 1001/1001 8/8 9/9
f 1001/1001 9/9 1002/1002
f 1002/1002 9/9 10/10
f 1002/1002 10/10 1003/1003
f 1003/1003 10/10 11/11
f 1003/1003 11/11 1004/1004
f 1004/1004 11/11 12/12
f 1004/1004 12/12 1005/1005
f 1005/1005 12/12 13/13
f 1005/1005 13/13 1006/1006
f 1006/1006 13/13 14/14
f 1006/1006 14/14 1007/1007
f 1007/1007 14/14 15/15
f 1007/1007 15/15 1008/1008
f 1008/1008 15/15 16/16
f 1008/1008 16/16 1009/1009
f 1009/1009 16/16 17/17
f 1009/1009 17/17 1010/1010
f 1010/1010 17/17 18/18
f 1010/1010 18/18 1011/1011
f 1011/1011 18/18 19/19
f 1011/1011 19/19 1012/1012
f 1012/1012 19/19 20/20
f 1012/1012 20/20 1013/1013
f 1013/1013 20/20 21/21
f 1013/1013 21/21 1014/1014
f 1014/1014 21/21 22/22
f 1014/1014 22/22 1015/1015
f 1015/1015 22/22 23/23
f 1015/1015 23/23 1016/1016
f 1016/1016 23/23 24/24
f 1016/1016 24/24 1017/1017
f 1017/1017 24/24 25/25
f 1017/1017 25/25 1018/1018
f 1018/1018 25/25 26/26
f 1018/1018 26/26 1019/1019
f 1019/1019 26/26 27/27
f 1019/1019 27/27 1020/1020
f 1020/1020 27/27 28/28
f 1020/1020 28/28 1021/1021
f 1021/1021 28/28 29/29
f 1021/1021 29/29 1022/1022
f 1022/1022 29/29 30/30
f 1022/1022 30/30 1023/1023
f 1023/1023 30/30 31/31
f 1023/1023 31/31 1024/1024
f 1024/1024 31/31 32/32
f 1024/1024 32/32 993/993
f 993/993 32/32 1/1

